ID_OFERTA;DATA_COLETA;ITEM_ORIGINAL;ITEM_NORMALIZADO;GRUPO_COMPARAVEL;LOJA;TIPO_CANAL;MARCA;DESCRICAO_COMERCIAL;MODELO_REFERENCIA;MATERIAL;ACABAMENTO_COR;MEDIDA_PRINCIPAL;UNIDADE_MEDIDA;TIPO_PRODUTO;PRECO_LISTA;PRECO_PIX;PRECO_UTILIZADO;PRECISAO_FONTE;CLASSIFICACAO_COMPARABILIDADE;NIVEL_PRODUTO;OBSERVACAO_ANALITICA;URL_FONTE;IMAGEM_LOCAL;IMAGEM_LEGENDA
1;2026-05-19;SIFÃO;Sifão;Sifão simples branco;Mercado Livre;Marketplace;Blukit;Sifão tubo extensivo universal branco;;PVC;Branco;n/i;;Simples;25.29;;25.29;Produto;B;Funcional básico;"Comparável com sifões extensivos simples; verificar comprimento exato.";https://www.mercadolivre.com.br/;assets/product-images/blukit_tubo_extensivo_110.png;Imagem pública de referência de sifão/tubo extensivo Blukit.
2;2026-05-19;SIFÃO;Sifão;Sifão cromado longo;Mercado Livre;Marketplace;Blukit;Sifão sanfonado extensível cromado universal;;PVC / acabamento cromado;Cromado;1,5;m;Longo / cromado;74.0;;74.0;Produto;C;Acabamento superior;Não comparar com sifões brancos simples.;https://www.mercadolivre.com.br/;assets/product-images/blukit_tubo_extensivo_110.png;Imagem pública de referência de sifão/tubo extensivo Blukit.
3;2026-05-19;SIFÃO;Sifão;Sifão simples branco;Amazon;Marketplace;Tigre;Sifão sanfonado universal para lavatório;;n/i;Branco;n/i;;Simples;20.99;;20.99;Produto;B;Funcional básico;Verificar se é lavatório ou multiuso.;https://www.amazon.com.br/;;
4;2026-05-19;SIFÃO;Sifão;Sifão simples colorido;Amazon;Marketplace;Blukit;Sifão tubo extensivo universal sanfonado preto;;Polipropileno;Preto;70;cm;Simples;19.0;;19.0;Busca;B;Funcional acabamento;"Preço a partir de; confirmar oferta final.";https://www.amazon.com.br/;assets/product-images/blukit_tubo_extensivo_110.png;Imagem pública de referência de sifão/tubo extensivo Blukit.
5;2026-05-19;SIFÃO;Sifão;Sifão simples branco;Cassol;Varejo próprio;Tigre;Sifão ajustável multiuso branco;;n/i;Branco;n/i;;Simples;10.9;;10.9;Produto;B;Funcional básico;Boa referência de varejo físico especializado.;https://www.cassol.com.br/;;
6;2026-05-19;SIFÃO;Sifão;Sifão com copo;Cassol;Varejo próprio;Tigre;Sifão para lavatório/pia Mobylle com copo branco flexível;;n/i;Branco;n/i;;Com copo;30.9;;30.9;Produto;C;Intermediário técnico;Produto superior a sifão simples.;https://www.cassol.com.br/;;
7;2026-05-19;SIFÃO;Sifão;Sifão simples branco;Casa Mimosa;Varejo próprio;Censi;Tubo extensível com suporte branco;;n/i;Branco;n/i;;Simples;6.97;;6.97;Produto;B;Entrada de preço;"Possível item de menor complexidade; validar equivalência.";https://www.casamimosa.com.br/;;
8;2026-05-19;SIFÃO;Sifão;Sifão com copo;Casa Mimosa;Varejo próprio;Blukit;Sifão universal com copo branco;;n/i;Branco;n/i;;Com copo;40.93;;40.93;Produto;C;Intermediário técnico;Não comparar com tubo extensivo simples.;https://www.casamimosa.com.br/;assets/product-images/blukit_sifao_copo_cromado.png;Imagem pública de referência do sifão com copo cromado Blukit.
9;2026-05-19;SIFÃO;Sifão;Sifão cromado;Casa Mimosa;Varejo próprio;Blukit;Sifão tubo extensivo universal cromado;;n/i;Cromado;n/i;;Cromado;32.57;;32.57;Produto;C;Acabamento superior;Acabamento influencia preço.;https://www.casamimosa.com.br/;assets/product-images/blukit_tubo_extensivo_110.png;Imagem pública de referência de sifão/tubo extensivo Blukit.
10;2026-05-19;MECANISMO CAIXA ACOP;Mecanismo caixa acoplada;Mecanismo de saída;Magalu;Marketplace;Censi;Mecanismo saída universal ref. 9450;9450;n/i;n/i;n/i;;Saída;38.94;38.94;38.94;Produto;B;Peça avulsa;Comparar apenas com mecanismos de saída.;https://www.magazineluiza.com.br/;;
11;2026-05-19;MECANISMO CAIXA ACOP;Mecanismo caixa acoplada;Mecanismo de entrada;Magalu;Marketplace;Censi;Reparo mecanismo entrada boia universal;;n/i;n/i;n/i;;Entrada;43.71;43.71;43.71;Produto;B;Peça avulsa;Comparar apenas com mecanismos de entrada.;https://www.magazineluiza.com.br/;;
12;2026-05-19;MECANISMO CAIXA ACOP;Mecanismo caixa acoplada;Mecanismo de entrada;Magalu;Marketplace;Censi;Mecanismo entrada Compact ref. 9500;9500;n/i;n/i;n/i;;Entrada;66.5;66.5;66.5;Produto;B;Peça avulsa;Linha acima da reposição simples.;https://www.magazineluiza.com.br/;;
13;2026-05-19;MECANISMO CAIXA ACOP;Mecanismo caixa acoplada;Kit completo;Magalu;Marketplace;Astra;Kit completo universal para caixa acoplada;;n/i;n/i;n/i;;Kit completo;68.6;68.6;68.6;Produto;C;Kit;Não comparar com entrada/saída avulsa.;https://www.magazineluiza.com.br/;;
14;2026-05-19;MECANISMO CAIXA ACOP;Mecanismo caixa acoplada;Kit completo;Magalu;Marketplace;Blukit;Kit mecanismo para caixa acoplada universal;;n/i;n/i;n/i;;Kit completo;129.9;129.9;129.9;Produto;C;Kit premium;Maior ticket por conjunto completo.;https://www.magazineluiza.com.br/;;
15;2026-05-19;MECANISMO CAIXA ACOP;Mecanismo caixa acoplada;Saída específica / duplo acionamento;Magalu;Marketplace;Deca;Reparo Deca Si5901 torre saída duplo 3/6 L;Si5901;n/i;n/i;3/6;L;Saída específica;149.9;149.9;149.9;Produto;D;Premium / específico;"Peça específica; não comparar com universal.";https://www.magazineluiza.com.br/;;
16;2026-05-19;MECANISMO CAIXA ACOP;Mecanismo caixa acoplada;Kit completo;Leroy Merlin;Varejo próprio;Blukit;Kit para caixa acoplada com mecanismo;;n/i;n/i;n/i;;Kit completo;237.0;;237.0;Busca;C;Kit premium;"Preço observado em resultado; confirmar no produto.";https://www.leroymerlin.com.br/;;
17;2026-05-19;VALV ALTER PRESS CX;Válvula alternadora de pressão;Alternadora de pressão;Shopee;Marketplace;Pádova;Válvula transferidora alternadora aumenta pressão;;n/i;n/i;n/i;;Alternadora;77.0;;77.0;Produto;A;Entrada de preço;Alta comparabilidade dentro da categoria.;https://shopee.com.br/;;
18;2026-05-19;VALV ALTER PRESS CX;Válvula alternadora de pressão;Alternadora de pressão;Shopee;Marketplace;Genérica;Alternadora mais pressão caixa d'água;;n/i;n/i;n/i;;Alternadora;94.32;;94.32;Busca;A;Intermediário;"Oferta genérica; validar fabricante.";https://shopee.com.br/;;
19;2026-05-19;VALV ALTER PRESS CX;Válvula alternadora de pressão;Alternadora de pressão;Shopee;Marketplace;Genérica;Alternadora mais pressão caixa d'água;;n/i;n/i;n/i;;Alternadora;97.7;;97.7;Busca;A;Intermediário;"Oferta genérica; validar fabricante.";https://shopee.com.br/;;
20;2026-05-19;VALV ALTER PRESS CX;Válvula alternadora de pressão;Alternadora de pressão;Amazon;Marketplace;Blukit;Válvula alternadora de pressão;;n/i;n/i;n/i;;Alternadora;98.0;;98.0;Produto;A;Intermediário;Marca de referência no segmento.;https://www.amazon.com.br/;assets/product-images/blukit_valvula_alternadora.png;Imagem pública de referência da Válvula Alternadora de Pressão Blukit.
21;2026-05-19;VALV ALTER PRESS CX;Válvula alternadora de pressão;Alternadora com dupla retenção;Shopee;Marketplace;Blukit;Válvula Duchão com dupla retenção;;n/i;n/i;n/i;;Alternadora premium;108.9;;108.9;Produto;B;Premium funcional;Características superiores podem elevar preço.;https://shopee.com.br/;assets/product-images/blukit_valvula_alternadora.png;Imagem pública de referência da Válvula Alternadora de Pressão Blukit.
22;2026-05-19;VALV ALTER PRESS CX;Válvula alternadora de pressão;Alternadora com dupla retenção;Shopee;Marketplace;Blukit;Válvula Duchão com dupla retenção;;n/i;n/i;n/i;;Alternadora premium;113.05;;113.05;Produto;B;Premium funcional;Variação entre sellers.;https://shopee.com.br/;assets/product-images/blukit_valvula_alternadora.png;Imagem pública de referência da Válvula Alternadora de Pressão Blukit.
23;2026-05-19;VALV ALTER PRESS CX;Válvula alternadora de pressão;Alternadora linha Pro;Shopee;Marketplace;Censi;Válvula transferidora de pressão Linha Pro;;n/i;n/i;n/i;;Alternadora premium;132.81;132.81;132.81;Produto;B;Premium funcional;Linha Pro acima da média de preço.;https://shopee.com.br/;;
24;2026-05-19;SIFAO P/LAVATORIO-PI;Sifão p/ lavatório-pia;Funcional com copo;Cassol;Varejo próprio;Tigre;Sifão para lavatório pia Mobylle copo branco flexível;;n/i;Branco;n/i;;Com copo;30.9;;30.9;Produto;B;Intermediário;Boa referência funcional.;https://www.cassol.com.br/;;
25;2026-05-19;SIFAO P/LAVATORIO-PI;Sifão p/ lavatório-pia;Funcional simples;Cassol;Varejo próprio;Astra;Sifão para lavatório;;n/i;Branco;n/i;;Simples;16.9;;16.9;Produto;B;Econômico;Produto funcional de menor ticket.;https://www.cassol.com.br/;;
26;2026-05-19;SIFAO P/LAVATORIO-PI;Sifão p/ lavatório-pia;Funcional com copo;Shopee;Marketplace;Genérica;Sifão flexível com copo preto;;n/i;Preto;n/i;;Com copo;19.8;;19.8;Busca;B;Econômico;Validar material e compatibilidade.;https://shopee.com.br/;;
27;2026-05-19;SIFAO P/LAVATORIO-PI;Sifão p/ lavatório-pia;Funcional com copo;Magalu;Marketplace;Genérica;Sifão sanfonado universal branco com copo;;n/i;Branco;n/i;;Com copo;26.32;;26.32;Produto;B;Intermediário;Comparável com modelos funcionais com copo.;https://www.magazineluiza.com.br/;;
28;2026-05-19;SIFAO P/LAVATORIO-PI;Sifão p/ lavatório-pia;Acabamento cromado;Amazon;Marketplace;Astra;Sifão sanfonado com copo cromado;;n/i;Cromado;n/i;;Com copo cromado;53.0;;53.0;Produto;C;Premium funcional;Acabamento cromado eleva preço.;https://www.amazon.com.br/;;
29;2026-05-19;SIFAO P/LAVATORIO-PI;Sifão p/ lavatório-pia;Metálico decorativo;Casa Mimosa;Varejo próprio;Deca;Sifão para lavatório cromado 1680.C.100.112;1680.C.100.112;Metal;Cromado;n/i;;Decorativo premium;363.57;;363.57;Produto;D;Premium alto;Não comparar com sifão funcional simples.;https://www.casamimosa.com.br/;;
30;2026-05-19;"TORN P/MAQUI 1/2"" 90";Torneira para máquina 1/2 90°;Torneira 90°;Leroy Merlin;Varejo próprio;IVM Italy;Torneira máquina lavar angular 90º;;Latão forjado;Cromado;"1/2"" x 3/4""";;Angular 90°;44.99;;44.99;Produto;A;Intermediário técnico;Boa referência técnica.;https://www.leroymerlin.com.br/;;
31;2026-05-19;"TORN P/MAQUI 1/2"" 90";Torneira para máquina 1/2 90°;Torneira esfera;Amazon;Marketplace;Genérica;Torneira de máquina de lavar de esfera cromado;;n/i;Cromado;n/i;;Esfera;46.1;;46.1;Produto;B;Intermediário;Validar ângulo exato e medida de conexão.;https://www.amazon.com.br/;;
32;2026-05-19;"TORN P/MAQUI 1/2"" 90";Torneira para máquina 1/2 90°;Torneira esfera;Magalu;Marketplace;Blukit;Torneira esfera para máquina de lavar 1/2;;n/i;Cromado;"1/2""";;Esfera;47.41;;47.41;Produto;B;Intermediário;Comparabilidade parcial com angular 90°.;https://www.magazineluiza.com.br/;assets/product-images/blukit_torneira_maquina.png;Imagem pública de referência de torneira para máquina Blukit.
33;2026-05-19;"TORN P/MAQUI 1/2"" 90";Torneira para máquina 1/2 90°;Torneira ABS 90°;Amazon;Marketplace;Blukit;Torneira máquina lavar 90° ABS cromada 1/2;;ABS cromado;Cromado;"1/2""";;Angular 90°;52.15;;52.15;Produto;B;Intermediário;Material ABS deve ser analisado em separado de metal.;https://www.amazon.com.br/;assets/product-images/blukit_torneira_maquina.png;Imagem pública de referência de torneira para máquina Blukit.
34;2026-05-19;"TORN P/MAQUI 1/2"" 90";Torneira para máquina 1/2 90°;Torneira com filtro;Magalu;Marketplace;Blukit;Torneira 90° com filtro para máquina;;n/i;Cromado;n/i;;Com filtro;72.16;;72.16;Produto;C;Premium funcional;Função adicional aumenta preço.;https://www.magazineluiza.com.br/;assets/product-images/blukit_torneira_maquina.png;Imagem pública de referência de torneira para máquina Blukit.
35;2026-05-19;"TORN P/MAQUI 1/2"" 90";Torneira para máquina 1/2 90°;Torneira esfera;Leroy Merlin;Varejo próprio;Genérica;Torneira esfera para máquina de lavar 1/2 x 3/4;;n/i;Cromado;"1/2"" x 3/4""";;Esfera;71.1;71.1;71.1;Produto;B;Premium funcional;Comparar com outras de mesma bitola.;https://www.leroymerlin.com.br/;;
36;2026-05-19;"TORN P/MAQUI 1/2"" 90";Torneira para máquina 1/2 90°;Torneira 1/4 de volta;Casa Mimosa;Varejo próprio;Cemix;Torneira para tanque e máquina 1/4 de volta;;n/i;Cromado;n/i;;1/4 de volta;75.66;;75.66;Produto;C;Premium funcional;Outro mecanismo de acionamento.;https://www.casamimosa.com.br/;;
37;2026-05-19;GRELHA QUAD.P/CX SIF;Grelha quadrada para caixa sifonada;Grelha plástica;Cassol;Varejo próprio;Amanco;Grelha quadrada 100 mm;;Plástico;Branco;100;mm;Grelha avulsa;3.9;;3.9;Produto;A;Entrada de preço;Alta comparabilidade com grelhas plásticas 100 mm.;https://www.cassol.com.br/;;
38;2026-05-19;GRELHA QUAD.P/CX SIF;Grelha quadrada para caixa sifonada;Grelha plástica;Magalu;Marketplace;Krona;Grelha quadrada para caixa sifonada 150 mm;;Plástico;Branco;150;mm;Grelha avulsa;5.84;;5.84;Produto;B;Entrada de preço;Medida diferente de 100 mm.;https://www.magazineluiza.com.br/;;
39;2026-05-19;GRELHA QUAD.P/CX SIF;Grelha quadrada para caixa sifonada;Grelha/conjunto;Leroy Merlin;Varejo próprio;Astra;Caixa sifonada com grelha quadrada branca;;n/i;Branco;n/i;;Conjunto;26.99;;26.99;Produto;D;Não comparável;"É conjunto com caixa; não comparar com grelha avulsa.";https://www.leroymerlin.com.br/;;
40;2026-05-19;GRELHA QUAD.P/CX SIF;Grelha quadrada para caixa sifonada;Porta-grelha;Amazon;Marketplace;Durín;Porta-grelha quadrada cromada;;n/i;Cromado;100;mm;Porta-grelha;23.16;;23.16;Produto;D;Não comparável;Componente distinto da grelha avulsa.;https://www.amazon.com.br/;;
41;2026-05-19;GRELHA QUAD.P/CX SIF;Grelha quadrada para caixa sifonada;Grelha metálica premium;Amazon;Marketplace;Linear / Novii;Grelha quadrada polida;;Metal;Polida;150;mm;Grelha avulsa premium;161.29;;161.29;Produto;C;Premium;Acabamento metálico eleva o ticket.;https://www.amazon.com.br/;;
42;2026-05-19;GRELHA QUAD.P/CX SIF;Grelha quadrada para caixa sifonada;Grelha metálica premium;Amazon;Marketplace;Linear;Grelha quadrada dourada;;Metal;Dourado;150;mm;Grelha avulsa premium;285.9;;285.9;Produto;C;Premium alto;Acabamento decorativo de alto valor.;https://www.amazon.com.br/;;
43;2026-05-19;GRELHA QUAD.P/CX SIF;Grelha quadrada para caixa sifonada;Grelha metálica premium;Amazon;Marketplace;Linear;Grelha quadrada cobre rosé;;Metal;Rosé;150;mm;Grelha avulsa premium;286.2;;286.2;Produto;C;Premium alto;Acabamento decorativo de alto valor.;https://www.amazon.com.br/;;
44;2026-05-19;TUBO EXT SIMPLES UNI;Tubo extensivo simples universal;Branco 1,10 m;Magalu;Marketplace;Blukit;Sifão tubo extensivo simples universal branco;;n/i;Branco;1,10;m;Simples;19.44;19.44;19.44;Produto;A;Intermediário;Boa comparabilidade por medida.;https://www.magazineluiza.com.br/;assets/product-images/blukit_tubo_extensivo_110.png;Imagem pública de referência de tubo extensivo Blukit.
45;2026-05-19;TUBO EXT SIMPLES UNI;Tubo extensivo simples universal;Branco simples;Magalu;Marketplace;Blukit;Tubo extensivo universal branco;;n/i;Branco;n/i;;Simples;11.61;11.61;11.61;Produto;B;Econômico;Medida não explicitada no registro.;https://www.magazineluiza.com.br/;assets/product-images/blukit_tubo_extensivo_110.png;Imagem pública de referência de tubo extensivo Blukit.
46;2026-05-19;TUBO EXT SIMPLES UNI;Tubo extensivo simples universal;Branco 72 cm;Magalu;Marketplace;Plasbohn;Tubo extensivo simples universal branco;;n/i;Branco;72;cm;Simples;11.15;11.15;11.15;Produto;A;Econômico;Comparar por faixa de comprimento.;https://www.magazineluiza.com.br/;;
47;2026-05-19;TUBO EXT SIMPLES UNI;Tubo extensivo simples universal;Black 1,10 m;Amazon;Marketplace;Blukit;Tubo extensivo simples universal black com canopla;;n/i;Preto;1,10;m;Com canopla;56.9;;56.9;Produto;C;Premium;Acabamento black e canopla elevam preço.;https://www.amazon.com.br/;assets/product-images/blukit_tubo_extensivo_110.png;Imagem pública de referência de tubo extensivo Blukit.
48;2026-05-19;TUBO EXT SIMPLES UNI;Tubo extensivo simples universal;Cromado 1,5 m;Amazon;Marketplace;Genérica;Sifão tubo extensivo cromado com canopla;;n/i;Cromado;1,5;m;Com canopla;69.9;;69.9;Produto;C;Premium alto;Não comparar com branco simples.;https://www.amazon.com.br/;;
49;2026-05-19;TUBO EXT SIMPLES UNI;Tubo extensivo simples universal;Cromado;Leroy Merlin;Varejo próprio;Genérica;Tubo extensivo universal simples cromado;;n/i;Cromado;n/i;;Cromado;29.9;;29.9;Produto;B;Intermediário/premium;Acabamento cromado.;https://www.leroymerlin.com.br/;;
50;2026-05-19;TUBO EXT SIMPLES UNI;Tubo extensivo simples universal;Branco 1,10 m;Cassol;Varejo próprio;Blukit;Tubo extensivo simples universal 1,10 m;;n/i;Branco;1,10;m;Simples;18.9;;18.9;Produto;A;Intermediário;Boa referência de varejo especializado.;https://www.cassol.com.br/;assets/product-images/blukit_tubo_extensivo_110.png;Imagem pública de referência de tubo extensivo Blukit.
51;2026-05-19;TUBO EXT SIMPLES UNI;Tubo extensivo simples universal;Branco 1,10 m;Casa Mimosa;Varejo próprio;Blukit;Tubo extensivo simples universal 1,10 m;;n/i;Branco;1,10;m;Simples;11.16;;11.16;Produto;A;Econômico;Comparável com Cassol e Magalu 1,10 m.;https://www.casamimosa.com.br/;assets/product-images/blukit_tubo_extensivo_110.png;Imagem pública de referência de tubo extensivo Blukit.
52;2026-05-19;TUBO EXT SIMPLES UNI;Tubo extensivo simples universal;Branco simples;Casas da Água;Varejo próprio;n/i;Tubo extensivo simples universal;;n/i;Branco;n/i;;Simples;12.9;;12.9;Produto;B;Econômico;Validar marca e medida.;https://www.casasdagua.com.br/;;
53;2026-05-19;"NIPLE 1/2"" CROMADO";"Niple 1/2"" cromado";Niple duplo;Mercado Livre;Marketplace;Blukit;Niple duplo cromado 1/2;;Inox / metal cromado;Cromado;"1/2""";;Duplo;18.9;;18.9;Produto;A;Intermediário;Comparável com niple unitário de mesma medida.;https://www.mercadolivre.com.br/;assets/product-images/blukit_niple_paralelo.png;Imagem pública de referência de niple Blukit.
54;2026-05-19;"NIPLE 1/2"" CROMADO";"Niple 1/2"" cromado";Niple duplo;Mercado Livre;Marketplace;Blukit;Niple duplo cromado 1/2 blister;;n/i;Cromado;"1/2""";;Duplo;21.31;;21.31;Produto;A;Intermediário;Variação de embalagem/seller.;https://www.mercadolivre.com.br/;assets/product-images/blukit_niple_paralelo.png;Imagem pública de referência de niple Blukit.
55;2026-05-19;"NIPLE 1/2"" CROMADO";"Niple 1/2"" cromado";Kit;Mercado Livre;Marketplace;Blukit;Kit 2 peças niple duplo cromado;;n/i;Cromado;"1/2""";;Kit 2 unidades;76.67;;76.67;Produto;D;Não comparável;Não comparar com unidade.;https://www.mercadolivre.com.br/;assets/product-images/blukit_niple_paralelo.png;Imagem pública de referência de niple Blukit.
56;2026-05-19;"NIPLE 1/2"" CROMADO";"Niple 1/2"" cromado";Niple latão cromado;Amazon;Marketplace;Roco;Niple duplo latão cromado 1/2;;Latão;Cromado;"1/2""";;Duplo;44.75;;44.75;Produto;B;Premium;Material superior ao metal comum.;https://www.amazon.com.br/;;
57;2026-05-19;"NIPLE 1/2"" CROMADO";"Niple 1/2"" cromado";Niple latão cromado;Amazon;Marketplace;Censi;Niple duplo latão cromado 1/2 x 1/2;;Latão;Cromado;"1/2""";;Duplo;64.98;;64.98;Produto;B;Premium alto;Latão cromado com marca de referência.;https://www.amazon.com.br/;;
58;2026-05-19;"NIPLE 1/2"" CROMADO";"Niple 1/2"" cromado";Niple metálico;Magalu;Marketplace;Dalcon;Niple metal cromado 1/2;;Metal;Cromado;"1/2""";;Duplo;12.81;;12.81;Produto;A;Econômico;Bom piso de preço para unidade.;https://www.magazineluiza.com.br/;;
59;2026-05-19;"NIPLE 1/2"" CROMADO";"Niple 1/2"" cromado";Niple duplo;Cassol;Varejo próprio;Blukit;Niple duplo 1/2 cromado;;n/i;Cromado;"1/2""";;Duplo;20.9;;20.9;Produto;A;Intermediário;Referência de varejo especializado.;https://www.cassol.com.br/;assets/product-images/blukit_niple_paralelo.png;Imagem pública de referência de niple Blukit.
60;2026-05-19;"NIPLE 1/2"" CROMADO";"Niple 1/2"" cromado";Niple metálico;Casa Mimosa;Varejo próprio;Metais Rei;Niple 1/2 cromado;;Metal;Cromado;"1/2""";;Duplo;10.06;;10.06;Produto;A;Econômico;Piso de preço observado.;https://www.casamimosa.com.br/;;
61;2026-05-19;"NIPLE 1/2"" CROMADO";"Niple 1/2"" cromado";Niple metálico;Shopee;Marketplace;Genérica;Niple 1/2 cromado;;n/i;Cromado;"1/2""";;Duplo;11.94;;11.94;Busca;A;Econômico;Validar marca e material.;https://shopee.com.br/;;
62;2026-05-19;"NIPLE 1/2"" CROMADO";"Niple 1/2"" cromado";Niple metálico;Mercado Livre;Marketplace;Metais Reis;Niple cromado 1/2;;Metal;Cromado;"1/2""";;Duplo;32.9;;32.9;Produto;B;Intermediário/premium;Preço acima da faixa de entrada.;https://www.mercadolivre.com.br/;;
63;2026-05-20;SIFÃO;Sifão;Sifão sanfonado universal 1,50 m;Telhanorte;Varejo Online;Censi;Sifão sanfonado universal 1,50 m;;Plástico;Branco;1,50 m;m;Sanfonado;19.9;15.92;15.92;Produto;B;Funcional básico;"Comprimento maior que modelos compactos; comparar por metragem.";https://www.telhanorte.com.br/;;
64;2026-05-20;SIFÃO;Sifão;Sifão sanfonado universal 2,00 m;Telhanorte;Varejo Online;Censi;Sifão sanfonado universal 2,00 m;;Plástico;Branco;2,00 m;m;Sanfonado;22.9;;22.9;Produto;C;Funcional básico;"Comprimento superior; não comparar diretamente com 70 cm ou 1,10 m.";https://www.telhanorte.com.br/;;
65;2026-05-20;SIFÃO;Sifão;Sifão sanfonado universal 0,69 m;Telhanorte;Varejo Online;Censi;Sifão sanfonado universal 0,69 m;;Plástico;Branco;0,69 m;m;Sanfonado;9.9;8.9;8.9;Produto;B;Entrada;"Modelo compacto; referência de piso de preço.";https://www.telhanorte.com.br/;;
66;2026-05-20;SIFÃO;Sifão;Sifão universal simples;Ferreira Costa;Varejo Online;Amanco;Sifão universal;;PVC;Branco;n/i;;Simples;10.4;;10.4;Produto;B;Entrada;Comparável com sifões simples sem acabamento premium.;https://www.ferreiracosta.com/;;
67;2026-05-20;SIFÃO;Sifão;Sifão universal preto;Ferreira Costa;Varejo Online;Astra;Sifão universal preto;;Plástico;Preto;n/i;;Simples;13.9;;13.9;Produto;C;Intermediário;"Cor preta tende a deslocar preço; comparar com cuidado.";https://www.ferreiracosta.com/;;
68;2026-05-20;SIFÃO;Sifão;Sifão com copo;Ferreira Costa;Varejo Online;Astra;Sifão com copo;;Plástico;Branco;n/i;;Com copo;19.9;;19.9;Produto;C;Intermediário;"Com copo; não equivalente a tubo extensivo simples.";https://www.ferreiracosta.com/;;
69;2026-05-20;SIFÃO;Sifão;Sifão cromado universal;Telhanorte;Varejo Online;Astra;Sifão cromado universal SSUM2;SSUM2;Plástico cromado;Cromado;n/i;;Acabamento decorativo;29.9;28.11;28.11;Produto;C;Intermediário;Acabamento cromado aumenta ticket.;https://www.telhanorte.com.br/;;
70;2026-05-20;SIFÃO;Sifão;Sifão branco superior;Telhanorte;Varejo Online;Esteves;Sifão branco;;Plástico;Branco;n/i;;Simples;33.9;27.96;27.96;Produto;C;Intermediário;"Preço acima da base econômica; possível efeito de linha/marca.";https://www.telhanorte.com.br/;;
71;2026-05-20;SIFÃO;Sifão;Sifão sanfonado universal branco;Telhanorte;Varejo Online;Astra;Sifão sanfonado universal branco;;Plástico;Branco;n/i;;Sanfonado;13.9;11.82;11.82;Produto;B;Entrada;Comparável à linha branca funcional.;https://www.telhanorte.com.br/;;
72;2026-05-20;SIFÃO;Sifão;Sifão cromado premium;Telhanorte;Varejo Online;Esteves;Sifão cromado;;Metal/Plástico;Cromado;n/i;;Acabamento premium;62.9;56.61;56.61;Produto;D;Premium;"Acabamento premium; registrar como outlier de valor.";https://www.telhanorte.com.br/;;
73;2026-05-20;TUBO EXT SIMPLES UNI;Tubo extensivo simples universal;Tubo extensivo 1,10 m;Calha Úmida;Varejo Online;Não informado;Sifão tubo extensivo 1,10 m;;Plástico;Branco;1,10 m;m;Extensivo;19.85;17.86;17.86;Produto;B;Funcional básico;Referência adicional de tubo extensivo longo.;https://www.calhaumida.com.br/;;
74;2026-05-20;SIFÃO;Sifão;Sifão com copo Blukit;Carajás;Varejo Online;Blukit;Sifão com copo universal branco;031301;Plástico;Branco;n/i;;Com copo;49.9;42.66;42.66;Produto;C;Intermediário;"Blukit com copo; útil como referência específica da marca.";https://www.carajas.com.br/;assets/product-images/blukit_sifao_copo_cromado.png;Imagem pública de referência do sifão com copo cromado Blukit.
75;2026-05-20;SIFÃO;Sifão;Sifão flexível cromado Blukit;Carajás;Varejo Online;Blukit;Sifão flexível porca cromado;;Plástico/metal;Cromado;n/i;;Premium;217.9;189.9;189.9;Produto;D;Premium alto;"Produto com acabamento e construção diferenciados; não comparar com linha básica.";https://www.carajas.com.br/;assets/product-images/blukit_tubo_extensivo_110.png;Imagem pública de referência de sifão/tubo extensivo Blukit.
76;2026-05-20;TUBO EXT SIMPLES UNI;Tubo extensivo simples universal;Tubo extensivo 70 cm Blukit;Carajás;Varejo Online;Blukit;Tubo extensivo branco 70 cm;;Plástico;Branco;70 cm;cm;Extensivo;44.91;;44.91;Produto;C;Intermediário;"Preço observado em canal varejo; comparar por comprimento.";https://www.carajas.com.br/;assets/product-images/blukit_tubo_extensivo_110.png;Imagem pública de referência de tubo extensivo Blukit.
77;2026-05-20;SIFÃO;Sifão;Sifão máquina lavar Blukit;Ferreira Costa;Varejo Online;Blukit;Sifão para máquina 3/4;;Plástico;Branco;"3/4""";;Especial;27.9;;27.9;Produto;D;Funcional especializado;"Aplicação específica para máquina; manter separado.";https://www.ferreiracosta.com/;assets/product-images/blukit_tubo_extensivo_110.png;Imagem pública de referência de sifão/tubo extensivo Blukit.
78;2026-05-20;MECANISMO CAIXA ACOP;Mecanismo caixa acoplada;Mecanismo de saída;Carajás;Varejo Online;Blukit;Mecanismo de saída para caixa acoplada;;Plástico técnico;Branco;n/i;;Saída;60.9;54.81;54.81;Produto;B;Intermediário;"Peça de saída; não comparar com kit completo.";https://www.carajas.com.br/;;
79;2026-05-20;MECANISMO CAIXA ACOP;Mecanismo caixa acoplada;Mecanismo de entrada;Carajás;Varejo Online;Blukit;Mecanismo de entrada para caixa acoplada;;Plástico técnico;Branco;n/i;;Entrada;53.91;;53.91;Produto;B;Intermediário;"Peça de entrada; base útil para benchmarking da marca.";https://www.carajas.com.br/;;
80;2026-05-20;MECANISMO CAIXA ACOP;Mecanismo caixa acoplada;Kit completo universal;Carajás;Varejo Online;Blukit;Kit mecanismo universal completo com acionador superior;;Plástico técnico;Branco;n/i;;Kit completo;159.9;136.71;136.71;Produto;C;Premium;"Kit completo; comparar apenas com kits equivalentes.";https://www.carajas.com.br/;;
81;2026-05-20;MECANISMO CAIXA ACOP;Mecanismo caixa acoplada;Kit completo universal;Ferreira Costa;Varejo Online;Astra;Mecanismo completo universal;;Plástico técnico;Branco;n/i;;Kit completo;139.0;;139.0;Produto;C;Intermediário;Alternativa de marca ao kit Blukit.;https://www.ferreiracosta.com/;;
82;2026-05-20;MECANISMO CAIXA ACOP;Mecanismo caixa acoplada;Mecanismo duplo acionamento;Ferreira Costa;Varejo Online;Roca;Mecanismo dual flush;;Plástico técnico;Branco;n/i;;Duplo acionamento;182.9;;182.9;Produto;D;Premium;"Especificação superior; manter fora da média básica.";https://www.ferreiracosta.com/;;
83;2026-05-20;MECANISMO CAIXA ACOP;Mecanismo caixa acoplada;Saída duplo acionamento;Carajás;Varejo Online;Astra;Mecanismo de saída duplo;;Plástico técnico;Branco;n/i;;Saída dupla;125.9;119.9;119.9;Produto;C;Premium;"Saída com maior complexidade; não comparar com entrada simples.";https://www.carajas.com.br/;;
84;2026-05-20;VALV ALTER PRESS CX;Válvula alternadora de pressão;Válvula alternadora Blukit;Carajás;Varejo Online;Blukit;Válvula alternadora transferidora para caixa d'água;330601;Plástico técnico;Branco;n/i;;Válvula;217.9;170.91;170.91;Produto;A;Premium;"Referência Blukit em varejo; forte para benchmark.";https://www.carajas.com.br/;assets/product-images/blukit_valvula_alternadora.png;Imagem pública de referência da Válvula Alternadora de Pressão Blukit.
85;2026-05-20;VALV ALTER PRESS CX;Válvula alternadora de pressão;Válvula alternadora Blukit;Obramax;Varejo Online;Blukit;Válvula alternadora para caixa d'água;;Plástico técnico;Branco;n/i;;Válvula;109.9;;109.9;Produto;A;Intermediário;Preço competitivo observado em varejista de atacarejo.;https://www.obramax.com.br/;assets/product-images/blukit_valvula_alternadora.png;Imagem pública de referência da Válvula Alternadora de Pressão Blukit.
86;2026-05-20;VALV ALTER PRESS CX;Válvula alternadora de pressão;Válvula alternadora Blukit;Telhanorte;Varejo Online;Blukit;Válvula alternadora Blukit;330601;Plástico técnico;Branco;n/i;;Válvula;134.9;;134.9;Produto;A;Intermediário;Referência adicional de canal nacional.;https://www.telhanorte.com.br/;assets/product-images/blukit_valvula_alternadora.png;Imagem pública de referência da Válvula Alternadora de Pressão Blukit.
87;2026-05-20;VALV ALTER PRESS CX;Válvula alternadora de pressão;Válvula alternadora Blukit;Ferreira Costa;Varejo Online;Blukit;Válvula alternadora para caixa d'água;;Plástico técnico;Branco;n/i;;Válvula;180.9;129.9;129.9;Produto;A;Intermediário;"Promoção Pix observada; útil para cenário de elasticidade.";https://www.ferreiracosta.com/;assets/product-images/blukit_valvula_alternadora.png;Imagem pública de referência da Válvula Alternadora de Pressão Blukit.
88;2026-05-20;VALV ALTER PRESS CX;Válvula alternadora de pressão;Válvula alternadora Blukit;Ferreira Costa Empresas;B2B/Varejo;Blukit;Válvula transferidora de pressão;;Plástico técnico;Branco;n/i;;Válvula;119.9;;119.9;Produto;A;Intermediário;"Canal empresarial; registrar como referência comercial distinta.";https://www.ferreiracosta.com/;assets/product-images/blukit_valvula_alternadora.png;Imagem pública de referência da Válvula Alternadora de Pressão Blukit.
89;2026-05-20;"TORN P/MAQUI 1/2"" 90";Torneira para máquina 1/2 90°;Torneira máquina 1/2;Ferreira Costa;Varejo Online;Mac Loren;Torneira para máquina 1/2;;Metal;Cromado;"1/2""";;Torneira;51.9;;51.9;Produto;B;Intermediário;Referência de marca alternativa.;https://www.ferreiracosta.com/;;
90;2026-05-20;"TORN P/MAQUI 1/2"" 90";Torneira para máquina 1/2 90°;Torneira tanque/máquina;Carajás;Varejo Online;Forusi;Torneira Jr C36 tanque/máquina;;Metal;Cromado;n/i;;Torneira;109.9;93.96;93.96;Produto;C;Premium;"Pode incluir dupla aplicação; comparar com cuidado.";https://www.carajas.com.br/;;
91;2026-05-20;"TORN P/MAQUI 1/2"" 90";Torneira para máquina 1/2 90°;Torneira tanque/máquina;Carajás;Varejo Online;Sigma;Torneira Tivoli Jr;;Metal;Cromado;n/i;;Torneira;109.9;93.96;93.96;Produto;C;Premium;"Linha decorativa; não equivale ao modelo plástico básico.";https://www.carajas.com.br/;;
92;2026-05-20;"TORN P/MAQUI 1/2"" 90";Torneira para máquina 1/2 90°;Torneira com derivação;Carajás;Varejo Online;Viqua;Torneira tanque com derivação;;Plástico;Branco;n/i;;Com derivação;32.31;;32.31;Produto;C;Funcional básico;Configuração distinta com derivação.;https://www.carajas.com.br/;;
93;2026-05-20;"TORN P/MAQUI 1/2"" 90";Torneira para máquina 1/2 90°;Torneira simples branca;Carajás;Varejo Online;HydraMax;Torneira branca para máquina;;Plástico;Branco;n/i;;Simples;9.81;9.32;9.32;Produto;C;Entrada;"Preço de entrada; material simples.";https://www.carajas.com.br/;;
94;2026-05-20;"TORN P/MAQUI 1/2"" 90";Torneira para máquina 1/2 90°;Torneira tanque/máquina cromada;Carajás;Varejo Online;Forusi;Torneira parede tanque e máquina;;Metal;Cromado;n/i;;Torneira;89.9;76.86;76.86;Produto;C;Premium;"Uso duplo; manter separado dos modelos exclusivos para máquina.";https://www.carajas.com.br/;;
95;2026-05-20;"TORN P/MAQUI 1/2"" 90";Torneira para máquina 1/2 90°;Torneira Soft Click;Carajás;Varejo Online;Forusi;Torneira Soft Click;;Metal/Plástico;Cromado;n/i;;Torneira;35.9;30.69;30.69;Produto;C;Intermediário;Tecnologia/acionamento distinto.;https://www.carajas.com.br/;;
96;2026-05-20;"TORN P/MAQUI 1/2"" 90";Torneira para máquina 1/2 90°;Torneira Blukit branca;Ferreira Costa;Varejo Online;Blukit;Torneira branca para máquina 191527;191527;Plástico;Branco;n/i;;Torneira;24.9;;24.9;Produto;B;Funcional básico;Referência Blukit de linha mais acessível.;https://www.ferreiracosta.com/;assets/product-images/blukit_torneira_maquina.png;Imagem pública de referência de torneira para máquina Blukit.
97;2026-05-20;"TORN P/MAQUI 1/2"" 90";Torneira para máquina 1/2 90°;Torneira Blukit 7090;Ferreira Costa;Varejo Online;Blukit;Torneira para máquina Blukit 7090;7090;n/i;n/i;n/i;;Torneira;51.9;;51.9;Produto;B;Intermediário;Referência Blukit de nível intermediário.;https://www.ferreiracosta.com/;assets/product-images/blukit_torneira_maquina.png;Imagem pública de referência de torneira para máquina Blukit.
98;2026-05-20;"TORN P/MAQUI 1/2"" 90";Torneira para máquina 1/2 90°;Torneira RT02 cromada;Carajás;Varejo Online;Forusi;Torneira RT02 cromada;;Metal;Cromado;n/i;;Torneira;199.9;189.9;189.9;Produto;D;Premium alto;"Linha mais cara; provável estética e material superior.";https://www.carajas.com.br/;;
99;2026-05-20;"TORN P/MAQUI 1/2"" 90";Torneira para máquina 1/2 90°;Torneira C21;Ferreira Costa;Varejo Online;Meber;Torneira C21 para máquina;;Metal;Cromado;n/i;;Torneira;211.9;;211.9;Produto;D;Premium alto;"Preço de patamar superior; tratar como referência premium.";https://www.ferreiracosta.com/;;
100;2026-05-20;GRELHA QUAD.P/CX SIF;Grelha quadrada para caixa sifonada;Grelha quadrada 150 mm plástica;Carajás;Varejo Online;Amanco;Grelha quadrada N30 CB 150 branca;;Plástico;Branco;150 mm;mm;Grelha;8.49;6.9;6.9;Produto;B;Entrada;"Grelha plástica 150 mm; bom piso de mercado.";https://www.carajas.com.br/;;
101;2026-05-20;GRELHA QUAD.P/CX SIF;Grelha quadrada para caixa sifonada;Grelha quadrada 100 mm plástica;Carajás;Varejo Online;Astra;Grelha quadrada G10 10 cm;;Plástico;Branco;100 mm;mm;Grelha;10.19;8.71;8.71;Produto;B;Entrada;Comparável a grelhas simples 100 mm.;https://www.carajas.com.br/;;
102;2026-05-20;GRELHA QUAD.P/CX SIF;Grelha quadrada para caixa sifonada;Grelha abre/fecha 100 mm;Carajás;Varejo Online;Tigre;Grelha abre e fecha DN100;;Plástico;Branco;100 mm;mm;Grelha abre/fecha;42.9;36.68;36.68;Produto;C;Intermediário;Mecanismo abre/fecha eleva preço.;https://www.carajas.com.br/;;
103;2026-05-20;GRELHA QUAD.P/CX SIF;Grelha quadrada para caixa sifonada;Grelha abre/fecha 100 mm;Telhanorte;Varejo Online;Tigre;Grelha 100 mm abre e fecha;;Plástico;Branco;100 mm;mm;Grelha abre/fecha;28.9;;28.9;Produto;C;Intermediário;"Mesmo subgrupo de abertura controlada; canal adicional.";https://www.telhanorte.com.br/;;
104;2026-05-20;GRELHA QUAD.P/CX SIF;Grelha quadrada para caixa sifonada;Grelha inox 100 mm;Telhanorte;Varejo Online;Tigre;Grelha quadrada prata inox 100 mm;;Inox;Prata;100 mm;mm;Grelha metálica;73.9;59.12;59.12;Produto;D;Premium;"Material inox; não comparar com grelha plástica.";https://www.telhanorte.com.br/;;
105;2026-05-20;GRELHA QUAD.P/CX SIF;Grelha quadrada para caixa sifonada;Grelha branca 100 mm;Telhanorte;Varejo Online;Não informado;Grelha quadrada branca 100 mm;;Plástico;Branco;100 mm;mm;Grelha;11.9;9.52;9.52;Produto;B;Entrada;Complementa piso de preço de grelha simples.;https://www.telhanorte.com.br/;;
106;2026-05-20;GRELHA QUAD.P/CX SIF;Grelha quadrada para caixa sifonada;Porta-grelha 100 mm;Telhanorte;Varejo Online;Tigre;Porta grelha quadrada 100 mm;;Plástico;Branco;100 mm;mm;Porta-grelha;27.9;;27.9;Produto;D;Intermediário;"Acessório diferente de grelha avulsa; manter separado.";https://www.telhanorte.com.br/;;
107;2026-05-20;GRELHA QUAD.P/CX SIF;Grelha quadrada para caixa sifonada;Grelha cromada 100 mm;Carajás;Varejo Online;Tigre;Grelha quadrada 100 mm cromada;;Metalizado;Cromado;100 mm;mm;Grelha premium;53.9;46.08;46.08;Produto;D;Premium;Acabamento cromado diferencia o item.;https://www.carajas.com.br/;;
108;2026-05-20;GRELHA QUAD.P/CX SIF;Grelha quadrada para caixa sifonada;Grelha cromada 150 mm;Carajás;Varejo Online;Tigre;Grelha quadrada 150 mm cromada;;Metalizado;Cromado;150 mm;mm;Grelha premium;109.9;93.96;93.96;Produto;D;Premium alto;Maior dimensão e acabamento superior.;https://www.carajas.com.br/;;
109;2026-05-20;GRELHA QUAD.P/CX SIF;Grelha quadrada para caixa sifonada;Grelha inox 10 cm;Telhanorte;Varejo Online;Esteves;Grelha inox sem caixilho 10 cm;;Inox;Inox;100 mm;mm;Grelha metálica;38.9;29.66;29.66;Produto;D;Premium;"Material metálico; representa faixa superior.";https://www.telhanorte.com.br/;;
110;2026-05-20;GRELHA QUAD.P/CX SIF;Grelha quadrada para caixa sifonada;Grelha preto fosco 100 mm;Telhanorte;Varejo Online;Novii;Grelha preto fosco 100 mm;;Metal/Decorativo;Preto fosco;100 mm;mm;Grelha decorativa;299.9;279.9;279.9;Produto;D;Premium alto;"Outlier decorativo; relevante para evidenciar dispersão.";https://www.telhanorte.com.br/;;
111;2026-05-20;"NIPLE 1/2"" CROMADO";"Niple 1/2"" cromado";Niple paralelo 1/2 30 mm;Telhanorte;Varejo Online;Blukit;Niple paralelo 1/2 30 mm cromado;;Metal;Cromado;30 mm;mm;Niple;41.9;;41.9;Produto;C;Intermediário;"Comprimento altera preço; referência Blukit.";https://www.telhanorte.com.br/;assets/product-images/blukit_niple_paralelo.png;Imagem pública de referência de niple Blukit.
112;2026-05-20;"NIPLE 1/2"" CROMADO";"Niple 1/2"" cromado";Niple paralelo 1/2 50 mm;Telhanorte;Varejo Online;Blukit;Niple paralelo 1/2 50 mm cromado;17050;Metal;Cromado;50 mm;mm;Niple;65.9;;65.9;Produto;C;Premium;"Maior comprimento; não comparar com niple duplo curto.";https://www.telhanorte.com.br/;assets/product-images/blukit_niple_paralelo.png;Imagem pública de referência de niple Blukit.
113;2026-05-20;"NIPLE 1/2"" CROMADO";"Niple 1/2"" cromado";Niple multifiltro 1/2 x 3/8;Telhanorte;Varejo Online;Blukit;Niple redução multifiltro 1/2 x 3/8 cromado;310502;Metal;Cromado;1/2 x 3/8;;Redução;45.9;;45.9;Produto;D;Intermediário;Geometria e aplicação diferentes do niple 1/2 simples.;https://www.telhanorte.com.br/;assets/product-images/blukit_niple_paralelo.png;Imagem pública de referência de niple Blukit.
114;2026-05-20;"NIPLE 1/2"" CROMADO";"Niple 1/2"" cromado";Niple duplo 1/2;Telhanorte;Varejo Online;Blukit;Niple duplo cromado 1/2;;Metal;Cromado;"1/2""";;Niple duplo;23.9;;23.9;Produto;B;Intermediário;Referência Blukit mais próxima do item original.;https://www.telhanorte.com.br/;assets/product-images/blukit_niple_paralelo.png;Imagem pública de referência de niple Blukit.
115;2026-05-20;"NIPLE 1/2"" CROMADO";"Niple 1/2"" cromado";Niple redução 3/4 x 1/2;Telhanorte;Varejo Online;Blukit;Niple de redução 3/4 x 1/2 cromado;7056;Liga de cobre;Cromado;3/4 x 1/2;;Redução;54.9;43.92;43.92;Produto;D;Premium;"Aplicação distinta; manter como referência ampliada da marca.";https://www.telhanorte.com.br/;assets/product-images/blukit_niple_paralelo.png;Imagem pública de referência de niple Blukit.
116;2026-05-20;"NIPLE 1/2"" CROMADO";"Niple 1/2"" cromado";Niple PVC 1/2;Carajás;Varejo Online;Amanco;Niple PVC 1/2;;PVC;Branco;"1/2""";;Niple PVC;1.69;0.85;0.85;Produto;D;Entrada;"Material e acabamento não cromados; útil apenas como piso de conexão.";https://www.carajas.com.br/;;
117;2026-05-19;SIFÃO;Sifão;Sifão simples / extensivo;Magalu;Marketplace;Blukit;Sifão Sanfonado Arruela PVC 4 em 1 Blukit 0101;;PVC;n/i;n/i;;Sifão simples / extensivo;15.43;15.43;15.43;Lista de busca;C;Intermediário técnico;Nova observação de mercado adicionada para ampliar o benchmark comercial.;https://www.magazineluiza.com.br/busca/sifao%2Bblukit/;assets/product-images/blukit_tubo_extensivo_110.png;Imagem pública de referência de sifão/tubo extensivo Blukit.
118;2026-05-19;SIFÃO;Sifão;Sifão duplo;Magalu;Marketplace;Blukit;Sifão Sanfonado Duplo Universal Cromado Blukit;;Plástico / elastômeros;Cromado;n/i;;Sifão duplo;91.01;91.01;91.01;Lista de busca;B;Acabamento superior;Nova observação de mercado adicionada para ampliar o benchmark comercial.;https://www.magazineluiza.com.br/busca/sifao%2Bblukit/;assets/product-images/blukit_tubo_extensivo_110.png;Imagem pública de referência de sifão/tubo extensivo Blukit.
119;2026-05-19;SIFÃO;Sifão;Sifão duplo;Magalu;Marketplace;Blukit;Sifão Tubo Extensivo Duplo Cromado para Pia e Tanque 70cm - Blukit;;Plástico / elastômeros;Cromado;70;cm;Sifão duplo;145.82;145.82;145.82;Lista de busca;C;Acabamento superior;Nova observação de mercado adicionada para ampliar o benchmark comercial.;https://www.magazineluiza.com.br/busca/sifao%2Bblukit/;assets/product-images/blukit_tubo_extensivo_110.png;Imagem pública de referência de sifão/tubo extensivo Blukit.
120;2026-05-19;SIFÃO;Sifão;Sifão duplo;Magalu;Marketplace;Blukit;Sifão tubo extensivo duplo universal branco 70cm 030205 - Blukit;;Plástico / elastômeros;Branco;70;cm;Sifão duplo;20.07;20.07;20.07;Lista de busca;B;Intermediário técnico;Nova observação de mercado adicionada para ampliar o benchmark comercial.;https://www.magazineluiza.com.br/busca/sifao%2Bblukit/;assets/product-images/blukit_tubo_extensivo_110.png;Imagem pública de referência de sifão/tubo extensivo Blukit.
121;2026-05-19;SIFÃO;Sifão;Sifão simples / extensivo;Magalu;Marketplace;Blukit;Sifão sanfonado simples branco - Blukit;;Plástico / elastômeros;Branco;n/i;;Sifão simples / extensivo;12.67;12.67;12.67;Lista de busca;B;Intermediário técnico;Nova observação de mercado adicionada para ampliar o benchmark comercial.;https://www.magazineluiza.com.br/busca/sifao%2Bblukit/;assets/product-images/blukit_tubo_extensivo_110.png;Imagem pública de referência de sifão/tubo extensivo Blukit.
122;2026-05-19;SIFÃO;Sifão;Sifão simples / extensivo;Magalu;Marketplace;Blukit;Sifão Tubo Extensivo Universal com Porca em Polipropileno Branco - Blukit;;PP / Polipropileno;Branco;n/i;;Sifão simples / extensivo;9.5;9.5;9.5;Lista de busca;B;Intermediário técnico;Nova observação de mercado adicionada para ampliar o benchmark comercial.;https://www.magazineluiza.com.br/busca/sifao%2Bblukit/;assets/product-images/blukit_tubo_extensivo_110.png;Imagem pública de referência de sifão/tubo extensivo Blukit.
123;2026-05-19;SIFÃO;Sifão;Sifão simples / extensivo;Magalu;Marketplace;Blukit;Sifão tubo extensivo universal branco porca PP 1,5m 030129 Blukit;;PP / Polipropileno;Branco;1,5;m;Sifão simples / extensivo;32.05;32.05;32.05;Lista de busca;B;Intermediário técnico;Nova observação de mercado adicionada para ampliar o benchmark comercial.;https://www.magazineluiza.com.br/busca/sifao%2Bblukit/;assets/product-images/blukit_sifao_longo_1500.png;Imagem pública de referência do Sifão Tubo Extensivo Longo Blukit.
124;2026-05-19;SIFÃO;Sifão;Sifão simples / extensivo;Magalu;Marketplace;Blukit;Sifão Flexível Branco Tubo Extensivo Universal Blukit;;Plástico / elastômeros;Branco;n/i;;Sifão simples / extensivo;12.0;12.0;12.0;Lista de busca;B;Intermediário técnico;Nova observação de mercado adicionada para ampliar o benchmark comercial.;https://www.magazineluiza.com.br/busca/sifao%2Bblukit/;assets/product-images/blukit_tubo_extensivo_110.png;Imagem pública de referência de sifão/tubo extensivo Blukit.
125;2026-05-19;SIFÃO;Sifão;Sifão simples / extensivo;Magalu;Marketplace;Blukit;Emenda para sifão tubo extensivo 1.1/2 030407 Blukit;;Plástico / elastômeros;n/i;1/2;;Sifão simples / extensivo;16.97;16.97;16.97;Lista de busca;C;Intermediário técnico;Nova observação de mercado adicionada para ampliar o benchmark comercial.;https://www.magazineluiza.com.br/busca/sifao%2Bblukit/;assets/product-images/blukit_tubo_extensivo_110.png;Imagem pública de referência de sifão/tubo extensivo Blukit.
126;2026-05-19;SIFÃO;Sifão;Sifão acabamento superior;Magalu;Marketplace;Blukit;Sifão PVC Flexível Blukit com Arruela PVC 1,1m Preto 030141;;PVC;Preto;1,1;m;Sifão acabamento superior;33.54;33.54;33.54;Lista de busca;C;Intermediário técnico;Nova observação de mercado adicionada para ampliar o benchmark comercial.;https://www.magazineluiza.com.br/busca/sifao%2Bblukit/;assets/product-images/blukit_tubo_extensivo_110.png;Imagem pública de referência de sifão/tubo extensivo Blukit.
127;2026-05-19;SIFÃO;Sifão;Sifão simples / extensivo;Magalu;Marketplace;Blukit;Sifão Sanfonado Universal Blukit;;Plástico / elastômeros;n/i;n/i;;Sifão simples / extensivo;10.74;10.74;10.74;Lista de busca;B;Intermediário técnico;Nova observação de mercado adicionada para ampliar o benchmark comercial.;https://www.magazineluiza.com.br/busca/sifao%2Bblukit/;assets/product-images/blukit_tubo_extensivo_110.png;Imagem pública de referência de sifão/tubo extensivo Blukit.
128;2026-05-19;SIFÃO;Sifão;Sifão simples / extensivo;Magalu;Marketplace;Blukit;Sifão Tubo Extensivo Longo Universal Blukit com Porca Branco 1,5m;;Plástico / elastômeros;Branco;1,5;m;Sifão simples / extensivo;24.78;24.78;24.78;Lista de busca;B;Intermediário técnico;Nova observação de mercado adicionada para ampliar o benchmark comercial.;https://www.magazineluiza.com.br/busca/sifao%2Bblukit/;assets/product-images/blukit_sifao_longo_1500.png;Imagem pública de referência do Sifão Tubo Extensivo Longo Blukit.
129;2026-05-19;SIFÃO;Sifão;Sifão duplo;Magalu;Marketplace;Blukit;Sifão Duplo Sanfonado Extensível Blukit 70cm Branco Universal;;Plástico / elastômeros;Branco;70;cm;Sifão duplo;27.9;27.9;27.9;Lista de busca;B;Intermediário técnico;Nova observação de mercado adicionada para ampliar o benchmark comercial.;https://www.magazineluiza.com.br/busca/sifao%2Bduplo%2Bblukit/;assets/product-images/blukit_tubo_extensivo_110.png;Imagem pública de referência de sifão/tubo extensivo Blukit.
130;2026-05-19;SIFÃO;Sifão;Sifão duplo;Magalu;Marketplace;Blukit;Sifão Extensivo Duplo Universal Blukit com Porca Branco 0,7m;;Plástico / elastômeros;Branco;0,7;m;Sifão duplo;52.72;52.72;52.72;Lista de busca;B;Intermediário técnico;Nova observação de mercado adicionada para ampliar o benchmark comercial.;https://www.magazineluiza.com.br/busca/sifao%2Bduplo%2Bblukit/;assets/product-images/blukit_tubo_extensivo_110.png;Imagem pública de referência de sifão/tubo extensivo Blukit.
131;2026-05-19;SIFÃO;Sifão;Sifão duplo;Magalu;Marketplace;Blukit;Sifão sanfonado duplo branco 38 a 50mm Blukit;;Plástico / elastômeros;Branco;50;m;Sifão duplo;15.99;15.99;15.99;Lista de busca;C;Intermediário técnico;Nova observação de mercado adicionada para ampliar o benchmark comercial.;https://www.magazineluiza.com.br/busca/sifao%2Bduplo%2Bblukit/;assets/product-images/blukit_tubo_extensivo_110.png;Imagem pública de referência de sifão/tubo extensivo Blukit.
132;2026-05-19;SIFÃO;Sifão;Sifão duplo;Magalu;Marketplace;Krona;Sifão duplo universal branco - Krona;;Plástico / elastômeros;Branco;n/i;;Sifão duplo;20.81;20.81;20.81;Lista de busca;B;Intermediário técnico;Nova observação de mercado adicionada para ampliar o benchmark comercial.;https://www.magazineluiza.com.br/busca/sifao%2Bduplo%2Bblukit/;;
133;2026-05-19;SIFÃO;Sifão;Sifão duplo;Magalu;Marketplace;Blukit;Sifão Duplo Sanfonado Extensível Blukit 72cm Cromado Universal;;Plástico / elastômeros;Cromado;72;cm;Sifão duplo;94.91;94.91;94.91;Lista de busca;B;Acabamento superior;Nova observação de mercado adicionada para ampliar o benchmark comercial.;https://www.magazineluiza.com.br/busca/sifao%2Bduplo%2Bblukit/;assets/product-images/blukit_tubo_extensivo_110.png;Imagem pública de referência de sifão/tubo extensivo Blukit.
134;2026-05-19;SIFÃO;Sifão;Sifão duplo;Magalu;Marketplace;Blukit;Sifão Tubo Extensivo Duplo Universal Blukit com Porca Branco 1,1m;;Plástico / elastômeros;Branco;1,1;m;Sifão duplo;71.21;71.21;71.21;Lista de busca;B;Intermediário técnico;Nova observação de mercado adicionada para ampliar o benchmark comercial.;https://www.magazineluiza.com.br/busca/sifao%2Bduplo%2Bblukit/;assets/product-images/blukit_tubo_extensivo_110.png;Imagem pública de referência de sifão/tubo extensivo Blukit.
135;2026-05-19;SIFÃO;Sifão;Sifão duplo;Magalu;Marketplace;Blukit;Sifão Tubo Extensivo Duplo Branco 1,10m - Blukit;;Plástico / elastômeros;Branco;1,10;m;Sifão duplo;59.9;59.9;59.9;Lista de busca;C;Intermediário técnico;Nova observação de mercado adicionada para ampliar o benchmark comercial.;https://www.magazineluiza.com.br/busca/sifao%2Bduplo%2Bblukit/;assets/product-images/blukit_tubo_extensivo_110.png;Imagem pública de referência de sifão/tubo extensivo Blukit.
136;2026-05-19;SIFÃO;Sifão;Sifão duplo;Magalu;Marketplace;Blukit;Sifão Tubo Extensivo Duplo Universal Blukit com Porca Branco 1,1m;;Plástico / elastômeros;Branco;1,1;m;Sifão duplo;42.18;42.18;42.18;Lista de busca;B;Intermediário técnico;Nova observação de mercado adicionada para ampliar o benchmark comercial.;https://www.magazineluiza.com.br/busca/sifao%2Bduplo%2Bblukit/;assets/product-images/blukit_tubo_extensivo_110.png;Imagem pública de referência de sifão/tubo extensivo Blukit.
137;2026-05-19;SIFÃO;Sifão;Sifão duplo;Magalu;Marketplace;Blukit;Sifão Flexível Duplo Preto PVC 30214 - Blukit;;PVC;Preto;n/i;;Sifão duplo;33.21;33.21;33.21;Lista de busca;C;Intermediário técnico;Nova observação de mercado adicionada para ampliar o benchmark comercial.;https://www.magazineluiza.com.br/busca/sifao%2Bduplo%2Bblukit/;assets/product-images/blukit_tubo_extensivo_110.png;Imagem pública de referência de sifão/tubo extensivo Blukit.
138;2026-05-19;SIFÃO;Sifão;Sifão duplo;Magalu;Marketplace;Taivi;Kit 2 Sifões sanfonados duplos 72cm Branco - Taivi;;Plástico / elastômeros;Branco;72;cm;Sifão duplo;27.55;27.55;27.55;Lista de busca;C;Intermediário técnico;Nova observação de mercado adicionada para ampliar o benchmark comercial.;https://www.magazineluiza.com.br/busca/sifao%2Bduplo%2Bblukit/;;
139;2026-05-19;SIFÃO;Sifão;Sifão duplo;Magalu;Marketplace;Blukit;Sifão extensivo universal pia lavatório duplo branco Blukit;;Plástico / elastômeros;Branco;n/i;;Sifão duplo;26.46;26.46;26.46;Lista de busca;B;Intermediário técnico;Nova observação de mercado adicionada para ampliar o benchmark comercial.;https://www.magazineluiza.com.br/busca/sifao%2Bblukit%2Bbranco/;assets/product-images/blukit_tubo_extensivo_110.png;Imagem pública de referência de sifão/tubo extensivo Blukit.
140;2026-05-19;SIFÃO;Sifão;Sifão simples / extensivo;Magalu;Marketplace;Blukit;Sifão Tubo Extensivo Universal 1.10m Branco Blukit;;Plástico / elastômeros;Branco;1,10;m;Sifão simples / extensivo;16.11;16.11;16.11;Lista de busca;B;Intermediário técnico;Nova observação de mercado adicionada para ampliar o benchmark comercial.;https://www.magazineluiza.com.br/busca/sifao%2Bblukit%2Bbranco/;assets/product-images/blukit_tubo_extensivo_110.png;Imagem pública de referência de sifão/tubo extensivo Blukit.
141;2026-05-19;SIFÃO;Sifão;Sifão com copo;Magalu;Marketplace;Blukit;Sifão Copo Universal Branco PVC 720mm - Blukit;;PVC;Branco;720;m;Sifão com copo;271.46;271.46;271.46;Lista de busca;B;Acabamento superior;Nova observação de mercado adicionada para ampliar o benchmark comercial.;https://www.magazineluiza.com.br/busca/sifao%2Bblukit%2Bbranco/;assets/product-images/blukit_sifao_copo_cromado.png;Imagem pública de referência do sifão com copo cromado Blukit.
142;2026-05-19;MECANISMO CAIXA ACOP;Mecanismo caixa acoplada;Kit / mecanismo universal;Magalu;Marketplace;Blukit;Reparo Caixa Acoplada Completo Acionamento Lateral Blukit;;n/i;n/i;n/i;;Kit / mecanismo universal;197.47;123.99;123.99;Lista de busca;B;Intermediário técnico;Nova observação de mercado adicionada para ampliar o benchmark comercial.;https://www.magazineluiza.com.br/busca/mecanismo%2Bcaixa%2Bacoplada%2Bblukit/;;
143;2026-05-19;MECANISMO CAIXA ACOP;Mecanismo caixa acoplada;Kit / mecanismo universal;Magalu;Marketplace;Blukit;Kit Mecanismo Para Caixa Acoplada Universal - Blukit;;n/i;n/i;n/i;;Kit / mecanismo universal;119.7;119.7;119.7;Lista de busca;B;Intermediário técnico;Nova observação de mercado adicionada para ampliar o benchmark comercial.;https://www.magazineluiza.com.br/busca/mecanismo%2Bcaixa%2Bacoplada%2Bblukit/;;
144;2026-05-19;MECANISMO CAIXA ACOP;Mecanismo caixa acoplada;Mecanismo de saída;Magalu;Marketplace;Blukit;Mecanismo de Saída para Caixa Acoplada com Acionamento Superior Blukit;;n/i;n/i;n/i;;Mecanismo de saída;44.91;44.91;44.91;Lista de busca;B;Intermediário técnico;Nova observação de mercado adicionada para ampliar o benchmark comercial.;https://www.magazineluiza.com.br/busca/mecanismo%2Bcaixa%2Bacoplada%2Bblukit/;;
145;2026-05-19;MECANISMO CAIXA ACOP;Mecanismo caixa acoplada;Mecanismo de entrada;Magalu;Marketplace;Blukit;Mecanismo de Entrada Para Caixa Acoplada Universal - Blukit;;n/i;n/i;n/i;;Mecanismo de entrada;51.0;44.88;44.88;Lista de busca;B;Intermediário técnico;Nova observação de mercado adicionada para ampliar o benchmark comercial.;https://www.magazineluiza.com.br/busca/mecanismo%2Bcaixa%2Bacoplada%2Bblukit/;;
146;2026-05-19;MECANISMO CAIXA ACOP;Mecanismo caixa acoplada;Mecanismo de entrada;Magalu;Marketplace;Blukit;Blukit Mecanismo Caixa Acoplada Entrada Alta/Baixa Pressão 204;;n/i;n/i;n/i;;Mecanismo de entrada;65.43;56.53;56.53;Lista de busca;B;Intermediário técnico;Nova observação de mercado adicionada para ampliar o benchmark comercial.;https://www.magazineluiza.com.br/busca/mecanismo%2Bcaixa%2Bacoplada%2Bblukit/;;
147;2026-05-19;MECANISMO CAIXA ACOP;Mecanismo caixa acoplada;Reparo / vedação;Magalu;Marketplace;Blukit;Mecanismo Caixa Acoplada Blukit Bolsa Vedação;;n/i;n/i;n/i;;Reparo / vedação;26.61;23.0;23.0;Lista de busca;B;Intermediário técnico;Nova observação de mercado adicionada para ampliar o benchmark comercial.;https://www.magazineluiza.com.br/busca/mecanismo%2Bcaixa%2Bacoplada%2Bblukit/;;
148;2026-05-19;MECANISMO CAIXA ACOP;Mecanismo caixa acoplada;Kit / mecanismo universal;Magalu;Marketplace;Blukit;Mecanismo Acoplado Blukit Kit Universal Lateral 340216-46;;n/i;n/i;n/i;;Kit / mecanismo universal;220.08;160.62;160.62;Lista de busca;B;Intermediário técnico;Nova observação de mercado adicionada para ampliar o benchmark comercial.;https://www.magazineluiza.com.br/busca/mecanismo%2Bcaixa%2Bacoplada%2Bblukit/;;
149;2026-05-19;MECANISMO CAIXA ACOP;Mecanismo caixa acoplada;Mecanismo de saída;Magalu;Marketplace;Blukit;Reparo Caixa Acoplada Saída Universal Blukit;;n/i;n/i;n/i;;Mecanismo de saída;29.26;29.26;29.26;Lista de busca;B;Intermediário técnico;Nova observação de mercado adicionada para ampliar o benchmark comercial.;https://www.magazineluiza.com.br/busca/mecanismo%2Bcaixa%2Bacoplada%2Bblukit/;;
150;2026-05-19;MECANISMO CAIXA ACOP;Mecanismo caixa acoplada;Kit / mecanismo universal;Magalu;Marketplace;Blukit;Blukit Mecanismo Caixa Acoplada Acionamento Superior Black;;n/i;Preto;n/i;;Kit / mecanismo universal;44.38;38.34;38.34;Lista de busca;B;Acabamento superior;Nova observação de mercado adicionada para ampliar o benchmark comercial.;https://www.magazineluiza.com.br/busca/mecanismo%2Bcaixa%2Bacoplada%2Bblukit/;;
151;2026-05-19;MECANISMO CAIXA ACOP;Mecanismo caixa acoplada;Mecanismo de entrada;Magalu;Marketplace;Blukit;Mecanismo de Entrada Para Caixa Acoplada Blukit;;n/i;n/i;n/i;;Mecanismo de entrada;38.83;38.83;38.83;Lista de busca;B;Intermediário técnico;Nova observação de mercado adicionada para ampliar o benchmark comercial.;https://www.magazineluiza.com.br/busca/mecanismo%2Bcaixa%2Bacoplada%2Bblukit/;;
152;2026-05-19;MECANISMO CAIXA ACOP;Mecanismo caixa acoplada;Mecanismo de saída;Magalu;Marketplace;Blukit;Mecanismo Saída Convencional/Universal p/ Caixa Acoplada sem Botão - Blukit;;n/i;n/i;n/i;;Mecanismo de saída;40.85;40.85;40.85;Lista de busca;B;Intermediário técnico;Nova observação de mercado adicionada para ampliar o benchmark comercial.;https://www.magazineluiza.com.br/busca/mecanismo%2Bcaixa%2Bacoplada%2Bblukit/;;
153;2026-05-19;MECANISMO CAIXA ACOP;Mecanismo caixa acoplada;Mecanismo de saída;Magalu;Marketplace;Blukit;Blukit Mecanismo Caixa Acoplada Saída Superior Astra;;n/i;n/i;n/i;;Mecanismo de saída;74.53;64.4;64.4;Lista de busca;B;Intermediário técnico;Nova observação de mercado adicionada para ampliar o benchmark comercial.;https://www.magazineluiza.com.br/busca/mecanismo%2Bcaixa%2Bacoplada%2Bblukit/;;
154;2026-05-19;MECANISMO CAIXA ACOP;Mecanismo caixa acoplada;Mecanismo de entrada;Magalu;Marketplace;Blukit;Mecanismo Reparo de Entrada Caixa Acoplada Universal 340204-41 Blukit;;n/i;n/i;n/i;;Mecanismo de entrada;58.9;47.61;47.61;Lista de busca;B;Intermediário técnico;Nova observação de mercado adicionada para ampliar o benchmark comercial.;https://www.magazineluiza.com.br/busca/mecanismo%2Bcaixa%2Bacoplada%2Bblukit/;;
155;2026-05-19;MECANISMO CAIXA ACOP;Mecanismo caixa acoplada;Mecanismo de entrada;Magalu;Marketplace;Blukit;Mecanismo Entrada Universal para Caixas Acopladas Baixa/Alta Pressão Blukit Branco/Azul;;n/i;Branco;n/i;;Mecanismo de entrada;57.6;55.99;55.99;Lista de busca;B;Intermediário técnico;Nova observação de mercado adicionada para ampliar o benchmark comercial.;https://www.magazineluiza.com.br/busca/mecanismo%2Bcaixa%2Bacoplada%2Bblukit/;;
156;2026-05-19;MECANISMO CAIXA ACOP;Mecanismo caixa acoplada;Mecanismo de entrada;Magalu;Marketplace;Blukit;Mecanismo de entrada universal para caixa acoplada Blukit;;n/i;n/i;n/i;;Mecanismo de entrada;52.25;52.25;52.25;Lista de busca;B;Intermediário técnico;Nova observação de mercado adicionada para ampliar o benchmark comercial.;https://www.magazineluiza.com.br/busca/mecanismo%2Bcaixa%2Bacoplada%2Bblukit/;;
157;2026-05-19;MECANISMO CAIXA ACOP;Mecanismo caixa acoplada;Mecanismo de saída;Magalu;Marketplace;Blukit;Mecanismo Saída Acionamento Duplo Universal 2 pol para Caixa Acoplada - Blukit;;n/i;n/i;n/i;;Mecanismo de saída;264.89;207.17;207.17;Lista de busca;B;Intermediário técnico;Nova observação de mercado adicionada para ampliar o benchmark comercial.;https://www.magazineluiza.com.br/busca/mecanismo%2Bcaixa%2Bacoplada%2Bblukit%2Bacionador%2Bduplo/;;
158;2026-05-19;MECANISMO CAIXA ACOP;Mecanismo caixa acoplada;Mecanismo de saída;Magalu;Marketplace;Blukit;Mecanismo saída universal para caixa acoplada acion duplo 340515 - Blukit;;n/i;n/i;n/i;;Mecanismo de saída;125.71;125.71;125.71;Lista de busca;B;Intermediário técnico;Nova observação de mercado adicionada para ampliar o benchmark comercial.;https://www.magazineluiza.com.br/busca/mecanismo%2Bcaixa%2Bacoplada%2Bblukit%2Bacionador%2Bduplo/;;
159;2026-05-19;MECANISMO CAIXA ACOP;Mecanismo caixa acoplada;Mecanismo de saída;Magalu;Marketplace;Blukit;Mecanismo Caixa Acoplada Blukit Saída Superior Astra;;n/i;n/i;n/i;;Mecanismo de saída;74.04;61.13;61.13;Lista de busca;B;Intermediário técnico;Nova observação de mercado adicionada para ampliar o benchmark comercial.;https://www.magazineluiza.com.br/busca/mecanismo%2Bcaixa%2Bacoplada%2Bblukit%2Bastra/;;
160;2026-05-19;MECANISMO CAIXA ACOP;Mecanismo caixa acoplada;Mecanismo de saída;Magalu;Marketplace;Blukit;Mecanismo de Saída Convencional Universal para Caixa Acoplada sem Botão 340274-41 - Blukit;;n/i;n/i;n/i;;Mecanismo de saída;60.13;60.13;60.13;Lista de busca;B;Intermediário técnico;Nova observação de mercado adicionada para ampliar o benchmark comercial.;https://www.magazineluiza.com.br/busca/mecanismo%2Bcaixa%2Bacoplada%2Bblukit%2Bastra/;;
161;2026-05-19;MECANISMO CAIXA ACOP;Mecanismo caixa acoplada;Kit / mecanismo universal;Magalu;Marketplace;Blukit;Kit Completo para Caixa Acoplada Blukit Acionamento Superior;;n/i;n/i;n/i;;Kit / mecanismo universal;147.26;136.95;136.95;Lista de busca;B;Intermediário técnico;Nova observação de mercado adicionada para ampliar o benchmark comercial.;https://www.magazineluiza.com.br/busca/mecanismo%2Bcaixa%2Bacoplada%2Bblukit%2Bastra/;;
162;2026-05-19;MECANISMO CAIXA ACOP;Mecanismo caixa acoplada;Mecanismo de saída;Magalu;Marketplace;Blukit;Mecanismo de saída para caixa acoplada com saída superior 340274 Blukit;;n/i;n/i;n/i;;Mecanismo de saída;54.89;54.89;54.89;Lista de busca;B;Intermediário técnico;Nova observação de mercado adicionada para ampliar o benchmark comercial.;https://www.magazineluiza.com.br/busca/mecanismo%2Bcaixa%2Bacoplada%2Bblukit%2Bastra/;;
163;2026-05-19;GRELHA QUAD.P/CX SIF;Grelha quadrada para caixa sifonada;Grelha / caixa sifonada quadrada;Magalu;Marketplace;Herc;Grelha quadrada caixa sifonada 100 - Herc;;n/i;n/i;n/i;;Grelha / caixa sifonada quadrada;8.76;8.76;8.76;Lista de busca;D;Funcional básico;Nova observação de mercado adicionada para ampliar o benchmark comercial.;https://www.magazineluiza.com.br/busca/grelha%2Bnr%2B50%2Bquadrada%2Bbr%2Bp%2Bcaixa%2Bsifonada%2B100/;;
164;2026-05-19;GRELHA QUAD.P/CX SIF;Grelha quadrada para caixa sifonada;Grelha / caixa sifonada quadrada;Magalu;Marketplace;Novii;Grelha para caixa sifonada quadrada 150mm black matte Elleve Novii Ralo Linear preta;;n/i;Preto;150;m;Grelha / caixa sifonada quadrada;332.67;332.67;332.67;Lista de busca;D;Acabamento superior;Nova observação de mercado adicionada para ampliar o benchmark comercial.;https://www.magazineluiza.com.br/busca/grelha%2Bnr%2B50%2Bquadrada%2Bbr%2Bp%2Bcaixa%2Bsifonada%2B100/;;
165;2026-05-19;GRELHA QUAD.P/CX SIF;Grelha quadrada para caixa sifonada;Grelha / caixa sifonada quadrada;Magalu;Marketplace;Herc;Caixa Sifonada Quadrada 100 x 100 x 50 - Herc;;n/i;n/i;n/i;;Grelha / caixa sifonada quadrada;28.68;28.68;28.68;Lista de busca;D;Funcional básico;Nova observação de mercado adicionada para ampliar o benchmark comercial.;https://www.magazineluiza.com.br/busca/grelha%2Bnr%2B50%2Bquadrada%2Bbr%2Bp%2Bcaixa%2Bsifonada%2B100/;;
166;2026-05-19;GRELHA QUAD.P/CX SIF;Grelha quadrada para caixa sifonada;Grelha / caixa sifonada quadrada;Magalu;Marketplace;Herc;Caixa sifonada quadrada 100 x 100 x 50 - Herc;;n/i;n/i;n/i;;Grelha / caixa sifonada quadrada;18.91;18.91;18.91;Lista de busca;D;Funcional básico;Nova observação de mercado adicionada para ampliar o benchmark comercial.;https://www.magazineluiza.com.br/busca/grelha%2Bnr%2B50%2Bquadrada%2Bbr%2Bp%2Bcaixa%2Bsifonada%2B100/;;
167;2026-05-19;VALV ALTER PRESS CX;Válvula alternadora de pressão;Válvula alternadora / transferidora de pressão;Magazine Você / marketplace;Marketplace;Blukit;Válvula Alternadora de Pressão Blukit para Caixas DÁgua;;n/i;n/i;n/i;;Válvula alternadora / transferidora de pressão;118.66;118.66;118.66;Lista de busca;A;Intermediário técnico;Nova observação de mercado adicionada para ampliar o benchmark comercial.;https://www.magazinevoce.com.br/magazinepegueocupom/busca/v%C3%A1lvula%2Bpressurizadora%2Bpara%2Bcaixa%2Bde%2B%C3%A1gua/;assets/product-images/blukit_valvula_alternadora.png;Imagem pública de referência da Válvula Alternadora de Pressão Blukit.
168;2026-05-19;VALV ALTER PRESS CX;Válvula alternadora de pressão;Válvula alternadora / transferidora de pressão;Magazine Você / marketplace;Marketplace;Pádova;Válvula Transferidora de Pressão Ducha Max para Caixa Dágua Pádova;;n/i;n/i;n/i;;Válvula alternadora / transferidora de pressão;214.96;214.96;214.96;Lista de busca;A;Funcional básico;Nova observação de mercado adicionada para ampliar o benchmark comercial.;https://www.magazinevoce.com.br/magazinepegueocupom/busca/v%C3%A1lvula%2Bpressurizadora%2Bpara%2Bcaixa%2Bde%2B%C3%A1gua/;;
169;2026-05-19;VALV ALTER PRESS CX;Válvula alternadora de pressão;Válvula alternadora / transferidora de pressão;Magazine Você / marketplace;Marketplace;Blukit;Válvula Alternadora Pressão Blukit Caixas Dágua;;n/i;n/i;n/i;;Válvula alternadora / transferidora de pressão;170.91;170.91;170.91;Lista de busca;A;Intermediário técnico;Nova observação de mercado adicionada para ampliar o benchmark comercial.;https://www.magazinevoce.com.br/magazinepegueocupom/busca/v%C3%A1lvula%2Bpressurizadora%2Bpara%2Bcaixa%2Bde%2B%C3%A1gua/;assets/product-images/blukit_valvula_alternadora.png;Imagem pública de referência da Válvula Alternadora de Pressão Blukit.
170;2026-05-19;VALV ALTER PRESS CX;Válvula alternadora de pressão;Válvula alternadora / transferidora de pressão;Magazine Você / marketplace;Marketplace;Blukit;Válvula Alternadora de Pressão Caixa DÁgua Blukit Duchão / Neo Press;;n/i;n/i;n/i;;Válvula alternadora / transferidora de pressão;124.2;124.2;124.2;Lista de busca;A;Intermediário técnico;Nova observação de mercado adicionada para ampliar o benchmark comercial.;https://www.magazinevoce.com.br/magazinepegueocupom/busca/v%C3%A1lvula%2Bpressurizadora%2Bpara%2Bcaixa%2Bde%2B%C3%A1gua/;assets/product-images/blukit_valvula_alternadora.png;Imagem pública de referência da Válvula Alternadora de Pressão Blukit.
171;2026-05-19;VALV ALTER PRESS CX;Válvula alternadora de pressão;Válvula alternadora / transferidora de pressão;Magazine Você / marketplace;Marketplace;Blukit;Válvula Alternadora Pressão Blukit Caixas Dágua;;n/i;n/i;n/i;;Válvula alternadora / transferidora de pressão;151.91;151.91;151.91;Lista de busca;A;Intermediário técnico;Nova observação de mercado adicionada para ampliar o benchmark comercial.;https://www.magazinevoce.com.br/magazinepegueocupom/busca/v%C3%A1lvula%2Bpressurizadora%2Bpara%2Bcaixa%2Bde%2B%C3%A1gua/;assets/product-images/blukit_valvula_alternadora.png;Imagem pública de referência da Válvula Alternadora de Pressão Blukit.
172;2026-05-19;VALV ALTER PRESS CX;Válvula alternadora de pressão;Válvula alternadora / transferidora de pressão;Magazine Você / marketplace;Marketplace;Blukit;Válvula Alternadora Pressão Blukit Caixas Dágua;;n/i;n/i;n/i;;Válvula alternadora / transferidora de pressão;141.46;141.46;141.46;Lista de busca;A;Intermediário técnico;Nova observação de mercado adicionada para ampliar o benchmark comercial.;https://www.magazinevoce.com.br/magazinepegueocupom/busca/v%C3%A1lvula%2Bpressurizadora%2Bpara%2Bcaixa%2Bde%2B%C3%A1gua/;assets/product-images/blukit_valvula_alternadora.png;Imagem pública de referência da Válvula Alternadora de Pressão Blukit.
173;2026-05-19;VALV ALTER PRESS CX;Válvula alternadora de pressão;Válvula alternadora / transferidora de pressão;Magazine Você / marketplace;Marketplace;Censi;Válvula Transferidora de Pressão para Caixa DÁgua Censi;;n/i;n/i;n/i;;Válvula alternadora / transferidora de pressão;122.32;122.32;122.32;Lista de busca;A;Funcional básico;Nova observação de mercado adicionada para ampliar o benchmark comercial.;https://www.magazinevoce.com.br/magazinepegueocupom/busca/v%C3%A1lvula%2Bpressurizadora%2Bpara%2Bcaixa%2Bde%2B%C3%A1gua/;;
174;2026-05-19;VALV ALTER PRESS CX;Válvula alternadora de pressão;Válvula alternadora / transferidora de pressão;Magazine Você / marketplace;Marketplace;Blukit;Válvula alternadora de pressão caixas dágua Blukit;;n/i;n/i;n/i;;Válvula alternadora / transferidora de pressão;200.87;200.87;200.87;Lista de busca;A;Intermediário técnico;Nova observação de mercado adicionada para ampliar o benchmark comercial.;https://www.magazinevoce.com.br/magazinepegueocupom/busca/v%C3%A1lvula%2Bpressurizadora%2Bpara%2Bcaixa%2Bde%2B%C3%A1gua/;assets/product-images/blukit_valvula_alternadora.png;Imagem pública de referência da Válvula Alternadora de Pressão Blukit.
175;2026-05-19;VALV ALTER PRESS CX;Válvula alternadora de pressão;Válvula alternadora / transferidora de pressão;Magazine Você / marketplace;Marketplace;Blukit;Válvula Alternadora Pressão Blukit Caixas Dágua;;n/i;n/i;n/i;;Válvula alternadora / transferidora de pressão;110.11;110.11;110.11;Lista de busca;A;Intermediário técnico;Nova observação de mercado adicionada para ampliar o benchmark comercial.;https://www.magazinevoce.com.br/magazinepegueocupom/busca/v%C3%A1lvula%2Bpressurizadora%2Bpara%2Bcaixa%2Bde%2B%C3%A1gua/;assets/product-images/blukit_valvula_alternadora.png;Imagem pública de referência da Válvula Alternadora de Pressão Blukit.
176;2026-05-19;VALV ALTER PRESS CX;Válvula alternadora de pressão;Válvula alternadora / transferidora de pressão;Magazine Você / marketplace;Marketplace;Blukit;Válvula Alternadora de Pressão Blukit para Caixa Dágua;;n/i;n/i;n/i;;Válvula alternadora / transferidora de pressão;151.91;151.91;151.91;Lista de busca;A;Intermediário técnico;Nova observação de mercado adicionada para ampliar o benchmark comercial.;https://www.magazinevoce.com.br/magazinepegueocupom/busca/v%C3%A1lvula%2Bpressurizadora%2Bpara%2Bcaixa%2Bde%2B%C3%A1gua/;assets/product-images/blukit_valvula_alternadora.png;Imagem pública de referência da Válvula Alternadora de Pressão Blukit.
177;2026-05-19;VALV ALTER PRESS CX;Válvula alternadora de pressão;Válvula alternadora / transferidora de pressão;Magazine Você / marketplace;Marketplace;Blukit;Válvula Alternadora de Pressão Blukit para Caixas DÁgua;;n/i;n/i;n/i;;Válvula alternadora / transferidora de pressão;179.55;179.55;179.55;Lista de busca;A;Intermediário técnico;Nova observação de mercado adicionada para ampliar o benchmark comercial.;https://www.magazinevoce.com.br/magazinepegueocupom/busca/v%C3%A1lvula%2Bpressurizadora%2Bpara%2Bcaixa%2Bde%2B%C3%A1gua/;assets/product-images/blukit_valvula_alternadora.png;Imagem pública de referência da Válvula Alternadora de Pressão Blukit.
178;2026-05-19;VALV ALTER PRESS CX;Válvula alternadora de pressão;Válvula alternadora / transferidora de pressão;Magazine Você / marketplace;Marketplace;Blukit;Válvula Alternadora de Pressão Para Caixa DÁgua Blukit;;n/i;n/i;n/i;;Válvula alternadora / transferidora de pressão;194.18;194.18;194.18;Lista de busca;A;Intermediário técnico;Nova observação de mercado adicionada para ampliar o benchmark comercial.;https://www.magazinevoce.com.br/magazinepegueocupom/busca/v%C3%A1lvula%2Bpressurizadora%2Bpara%2Bcaixa%2Bde%2B%C3%A1gua/;assets/product-images/blukit_valvula_alternadora.png;Imagem pública de referência da Válvula Alternadora de Pressão Blukit.
179;2026-05-19;VALV ALTER PRESS CX;Válvula alternadora de pressão;Válvula alternadora / transferidora de pressão;Magazine Você / marketplace;Marketplace;Blukit;Válvula Alternadora de Pressão Blukit para Caixas DÁgua;;n/i;n/i;n/i;;Válvula alternadora / transferidora de pressão;170.91;170.91;170.91;Lista de busca;A;Intermediário técnico;Nova observação de mercado adicionada para ampliar o benchmark comercial.;https://www.magazinevoce.com.br/magazinepegueocupom/busca/v%C3%A1lvula%2Bpressurizadora%2Bpara%2Bcaixa%2Bde%2B%C3%A1gua/;assets/product-images/blukit_valvula_alternadora.png;Imagem pública de referência da Válvula Alternadora de Pressão Blukit.
180;2026-05-19;VALV ALTER PRESS CX;Válvula alternadora de pressão;Válvula alternadora / transferidora de pressão;Magazine Você / marketplace;Marketplace;Blukit;Válvula Alternadora De Pressão Blukit Duchão Para Caixas Dágua;;n/i;n/i;n/i;;Válvula alternadora / transferidora de pressão;218.16;218.16;218.16;Lista de busca;A;Intermediário técnico;Nova observação de mercado adicionada para ampliar o benchmark comercial.;https://www.magazinevoce.com.br/magazinepegueocupom/busca/v%C3%A1lvula%2Bpressurizadora%2Bpara%2Bcaixa%2Bde%2B%C3%A1gua/;assets/product-images/blukit_valvula_alternadora.png;Imagem pública de referência da Válvula Alternadora de Pressão Blukit.
181;2026-05-19;VALV ALTER PRESS CX;Válvula alternadora de pressão;Válvula alternadora / transferidora de pressão;Magazine Você / marketplace;Marketplace;Blukit;Válvula Alternadora de Pressão Blukit para Caixas DÁgua;;n/i;n/i;n/i;;Válvula alternadora / transferidora de pressão;237.5;237.5;237.5;Lista de busca;A;Intermediário técnico;Nova observação de mercado adicionada para ampliar o benchmark comercial.;https://www.magazinevoce.com.br/magazinepegueocupom/busca/v%C3%A1lvula%2Bpressurizadora%2Bpara%2Bcaixa%2Bde%2B%C3%A1gua/;assets/product-images/blukit_valvula_alternadora.png;Imagem pública de referência da Válvula Alternadora de Pressão Blukit.
182;2026-05-19;"TORN P/MAQUI 1/2"" 90";Torneira para máquina 1/2 90°;Torneira para máquina 1/2 / 3/4;Magalu;Marketplace;Blukit;Torneira com Filtro para Máquina de Lavar Roupa e Lava-louça Blukit Esfera 1/4 de Volta;;n/i;n/i;n/i;;Torneira para máquina 1/2 / 3/4;51.89;51.89;51.89;Lista de busca;B;Intermediário técnico;Nova observação de mercado adicionada para ampliar o benchmark comercial.;https://www.magazineluiza.com.br/busca/torneira%2Bpara%2Bmaquina%2Bde%2Blavar%2Bblukit/;assets/product-images/blukit_torneira_maquina.png;Imagem pública de referência de torneira para máquina Blukit.
183;2026-05-19;"TORN P/MAQUI 1/2"" 90";Torneira para máquina 1/2 90°;Torneira para máquina 1/2 / 3/4;Magalu;Marketplace;n/i;Torneira Esfera para Máquina de Lavar 1/4 de Volta 1/2 e 3/4;;n/i;n/i;1/2;;Torneira para máquina 1/2 / 3/4;50.66;50.66;50.66;Lista de busca;B;Funcional básico;Nova observação de mercado adicionada para ampliar o benchmark comercial.;https://www.magazineluiza.com.br/busca/torneira%2Bpara%2Bmaquina%2Bde%2Blavar%2Bblukit/;;
184;2026-05-19;"TORN P/MAQUI 1/2"" 90";Torneira para máquina 1/2 90°;Torneira para máquina 1/2 / 3/4;Magalu;Marketplace;Blukit;Torneira Esfera 1/4 de Volta Máquina de Lavar 1/2 x 3/4 190121 Blukit;;n/i;n/i;1/2;;Torneira para máquina 1/2 / 3/4;50.19;50.19;50.19;Lista de busca;B;Intermediário técnico;Nova observação de mercado adicionada para ampliar o benchmark comercial.;https://www.magazineluiza.com.br/busca/torneira%2Bpara%2Bmaquina%2Bde%2Blavar%2Bblukit/;assets/product-images/blukit_torneira_maquina.png;Imagem pública de referência de torneira para máquina Blukit.
185;2026-05-19;"TORN P/MAQUI 1/2"" 90";Torneira para máquina 1/2 90°;Torneira para máquina 1/2 / 3/4;Magalu;Marketplace;Blukit;Torneira de Máquina de Lavar Esfera 1/4 de Volta 1/2 - 3/4 Blukit;;n/i;n/i;1/2;;Torneira para máquina 1/2 / 3/4;63.83;63.83;63.83;Lista de busca;B;Intermediário técnico;Nova observação de mercado adicionada para ampliar o benchmark comercial.;https://www.magazineluiza.com.br/busca/torneira%2Bpara%2Bmaquina%2Bde%2Blavar%2Bblukit/;assets/product-images/blukit_torneira_maquina.png;Imagem pública de referência de torneira para máquina Blukit.
186;2026-05-19;"TORN P/MAQUI 1/2"" 90";Torneira para máquina 1/2 90°;Torneira para máquina 1/2 / 3/4;Magalu;Marketplace;Blukit;Torneira Multiuso Parede 1/4 de Volta Metal Cromado Blukit;;n/i;Cromado;n/i;;Torneira para máquina 1/2 / 3/4;44.04;44.04;44.04;Lista de busca;C;Acabamento superior;Nova observação de mercado adicionada para ampliar o benchmark comercial.;https://www.magazineluiza.com.br/busca/torneira%2Bpara%2Bmaquina%2Bde%2Blavar%2Bblukit/;assets/product-images/blukit_torneira_maquina.png;Imagem pública de referência de torneira para máquina Blukit.
187;2026-05-19;"TORN P/MAQUI 1/2"" 90";Torneira para máquina 1/2 90°;Torneira para máquina 1/2 / 3/4;Magalu;Marketplace;Blukit;Torneira 90 com filtro para máquina de lavar Blukit;;n/i;n/i;n/i;;Torneira para máquina 1/2 / 3/4;72.16;72.16;72.16;Lista de busca;B;Intermediário técnico;Nova observação de mercado adicionada para ampliar o benchmark comercial.;https://www.magazineluiza.com.br/busca/torneira%2Bpara%2Bmaquina%2Bde%2Blavar%2Bblukit/;assets/product-images/blukit_torneira_maquina.png;Imagem pública de referência de torneira para máquina Blukit.
188;2026-05-19;"TORN P/MAQUI 1/2"" 90";Torneira para máquina 1/2 90°;Torneira para máquina 1/2 / 3/4;Magalu;Marketplace;Blukit;Torneira de máquina de lavar de esfera cromado 1/2 Blukit;;n/i;Cromado;1/2;;Torneira para máquina 1/2 / 3/4;89.18;89.18;89.18;Lista de busca;B;Acabamento superior;Nova observação de mercado adicionada para ampliar o benchmark comercial.;https://www.magazineluiza.com.br/busca/torneira%2Bpara%2Bmaquina%2Bde%2Blavar%2Bblukit/;assets/product-images/blukit_torneira_maquina.png;Imagem pública de referência de torneira para máquina Blukit.
189;2026-05-19;"TORN P/MAQUI 1/2"" 90";Torneira para máquina 1/2 90°;Torneira para máquina 1/2 / 3/4;Magalu;Marketplace;Blukit;Kit 3 Unidades Torneira Esfera para Máquina de Lavar Roupa e Louça Blukit 190121;;n/i;n/i;n/i;;Torneira para máquina 1/2 / 3/4;126.0;126.0;126.0;Lista de busca;B;Intermediário técnico;Nova observação de mercado adicionada para ampliar o benchmark comercial.;https://www.magazineluiza.com.br/busca/torneira%2Bpara%2Bmaquina%2Bde%2Blavar%2Bblukit/;assets/product-images/blukit_torneira_maquina.png;Imagem pública de referência de torneira para máquina Blukit.
190;2026-05-19;"TORN P/MAQUI 1/2"" 90";Torneira para máquina 1/2 90°;Torneira para máquina 1/2 / 3/4;Magalu;Marketplace;n/i;Torneira para Máquina de Lavar Roupa Louça de Esfera;;n/i;n/i;n/i;;Torneira para máquina 1/2 / 3/4;51.17;51.17;51.17;Lista de busca;B;Funcional básico;Nova observação de mercado adicionada para ampliar o benchmark comercial.;https://www.magazineluiza.com.br/busca/torneira%2Bpara%2Bmaquina%2Bde%2Blavar%2Bblukit/;;
191;2026-05-19;SIFÃO;Sifão;Sifão simples / extensivo;Leroy Merlin;Varejo;Blukit;Sifão Extensível Universal Blukit branco;;Plástico / elastômeros;Branco;n/i;;Sifão simples / extensivo;10.9;9.81;9.81;Lista/página produto;B;Intermediário técnico;Nova observação de mercado adicionada para ampliar o benchmark comercial.;https://www.leroymerlin.com.br/sifao-extensivel-universal-blukit--branco-_1571421207;assets/product-images/blukit_tubo_extensivo_110.png;Imagem pública de referência de sifão/tubo extensivo Blukit.
192;2026-05-19;TUBO EXT SIMPLES UNI;Tubo extensivo simples universal;Tubo extensivo simples universal;Cassol;Varejo;Blukit;Sifão Tubo Extensivo Simples Universal 1,1 Branco Blukit;;Plástico / elastômeros;Branco;n/i;;Tubo extensivo simples universal;18.9;;18.9;Página produto;B;Intermediário técnico;Nova observação de mercado adicionada para ampliar o benchmark comercial.;https://www.cassol.com.br/sifao-tubo-extensivo-simples-universal-1-1-branco-blukit/p;assets/product-images/blukit_tubo_extensivo_110.png;Imagem pública de referência de tubo extensivo Blukit.
193;2026-05-19;SIFÃO P/LAVATÓRIO-PI;Sifão p/ lavatório-pia;Sifão para lavatório / pia;Leroy Merlin;Marketplace;Blukit;Sifão Tubo Extensivo com Copo e Canopla Blukit Cromado;;Plástico / elastômeros;Cromado;n/i;;Sifão para lavatório / pia;82.43;78.31;78.31;Página produto;C;Acabamento superior;Nova observação de mercado adicionada para ampliar o benchmark comercial.;https://www.leroymerlin.com.br/sifao-tubo-extensivo-c-copo-e-canopla-blukit-cromado_1571584828;assets/product-images/blukit_sifao_copo_cromado.png;Imagem pública de referência do sifão com copo cromado Blukit.
194;2026-05-19;SIFÃO;Sifão;Sifão duplo;Ferreira Costa;Varejo;Blukit;Sifão Sanfonado Universal Duplo Extensível de Plástico Cromado Blukit;;Plástico / elastômeros;Cromado;n/i;;Sifão duplo;125.9;;125.9;Página produto;B;Acabamento superior;Nova observação de mercado adicionada para ampliar o benchmark comercial.;https://www.ferreiracosta.com/produto/174265/sifao-sanfonado-universal-duplo-extensivel-de-plastico-cromado;assets/product-images/blukit_tubo_extensivo_110.png;Imagem pública de referência de sifão/tubo extensivo Blukit.
195;2026-05-19;SIFÃO;Sifão;Sifão simples / extensivo;Leroy Merlin;Marketplace;Blukit;Sifão Tubo Extensivo Longo Universal 1,5m Blukit;;Plástico / elastômeros;n/i;1,5;m;Sifão simples / extensivo;32.35;;32.35;Busca categoria;B;Intermediário técnico;Nova observação de mercado adicionada para ampliar o benchmark comercial.;https://www.leroymerlin.com.br/sifoes-para-tanques/marca/Blukit;assets/product-images/blukit_sifao_longo_1500.png;Imagem pública de referência do Sifão Tubo Extensivo Longo Blukit.
196;2026-05-19;TUBO EXT SIMPLES UNI;Tubo extensivo simples universal;Tubo extensivo simples universal;Casa Mimosa;Varejo;Censi;Sifão Tubo Extensível com Suporte Branco 7150 Censi;;Plástico / elastômeros;Branco;n/i;;Tubo extensivo simples universal;6.97;6.76;6.97;Página produto;C;Funcional básico;Nova observação de mercado adicionada para ampliar o benchmark comercial.;https://www.casamimosa.com.br/sifao-tubo-extensivel-com-suporte-branco-7150-censi-7150-04100/p;;
197;2026-05-19;SIFÃO;Sifão;Sifão com copo;Casa Mimosa;Varejo;Blukit;Sifão Universal com Copo Branco 31301 Blukit;;Plástico / elastômeros;Branco;n/i;;Sifão com copo;40.93;;40.93;Busca categoria;B;Acabamento superior;Nova observação de mercado adicionada para ampliar o benchmark comercial.;https://www.casamimosa.com.br/hidraulica/complementos-hidraulicos/sifoes;assets/product-images/blukit_sifao_copo_cromado.png;Imagem pública de referência do sifão com copo cromado Blukit.
198;2026-05-19;SIFÃO;Sifão;Sifão simples / extensivo;Casa Mimosa;Varejo;Blukit;Sifão Extensivo Longo Universal Branco 30129 Blukit;;Plástico / elastômeros;Branco;n/i;;Sifão simples / extensivo;14.15;;14.15;Relacionados;B;Intermediário técnico;Nova observação de mercado adicionada para ampliar o benchmark comercial.;https://www.casamimosa.com.br/sifao-tubo-extensivel-com-suporte-branco-7150-censi-7150-04100/p;assets/product-images/blukit_sifao_longo_1500.png;Imagem pública de referência do Sifão Tubo Extensivo Longo Blukit.
199;2026-05-19;TUBO EXT SIMPLES UNI;Tubo extensivo simples universal;Tubo extensivo simples universal;Casa Mimosa;Varejo;Blukit;Sifão Tubo Extensivo Simples Universal Branco PP 1,1m 30138 Blukit;030138;PP / Polipropileno;Branco;1,1;m;Tubo extensivo simples universal;11.51;;11.51;Página produto;B;Intermediário técnico;Nova observação de mercado adicionada para ampliar o benchmark comercial.;https://www.casamimosa.com.br/sifao-tubo-extensivo-simples-universal-branco-pp-11m-30138-blukit-030138-412/p;assets/product-images/blukit_tubo_extensivo_110.png;Imagem pública de referência de tubo extensivo Blukit.
200;2026-05-19;TUBO EXT SIMPLES UNI;Tubo extensivo simples universal;Tubo extensivo simples universal;NH Materiais;Varejo;Blukit;Sifão Tubo Extensivo Simples Universal 1,1 metro Blukit;;Plástico / elastômeros;n/i;1,1;m;Tubo extensivo simples universal;15.82;15.35;15.35;Página produto;B;Intermediário técnico;Nova observação de mercado adicionada para ampliar o benchmark comercial.;https://www.nhmateriais.com.br/sifao-sanfonado-universal-110cm-blukit;assets/product-images/blukit_tubo_extensivo_110.png;Imagem pública de referência de tubo extensivo Blukit.
201;2026-05-19;MECANISMO CAIXA ACOP;Mecanismo caixa acoplada;Mecanismo de saída;Casa Mimosa;Varejo;Blukit;Mecanismo de Saída para Caixa Acoplada com Acionamento Superior 340274 Blukit;340274;n/i;n/i;n/i;;Mecanismo de saída;43.73;43.73;43.73;Página/busca varejista;B;Intermediário técnico;Nova observação de mercado adicionada para ampliar o benchmark comercial.;https://www.casamimosa.com.br/mecanismo-de-saida-para-caixa-acoplada-com-acionamento-superior-340274-blukit-340274-41/p;;
202;2026-05-19;MECANISMO CAIXA ACOP;Mecanismo caixa acoplada;Kit / mecanismo universal;Cassol;Varejo;Blukit;Mecanismo Universal para Caixa Acoplada Torneira Boia 1/2 e 3/4 Blukit;;n/i;n/i;1/2;;Kit / mecanismo universal;24.9;24.9;24.9;Página/busca varejista;B;Intermediário técnico;Nova observação de mercado adicionada para ampliar o benchmark comercial.;https://www.cassol.com.br/mecanismo-universal-para-caixa-acoplada-torneira-boia-1x2polegadas-e-3x4polegadas-blukit/p;;
203;2026-05-19;MECANISMO CAIXA ACOP;Mecanismo caixa acoplada;Reparo / vedação;Casa Mimosa;Varejo;Blukit;Kit Completo para Vedação e Fixação de Caixa Acoplada 340220 Blukit;340220;n/i;n/i;n/i;;Reparo / vedação;16.1;16.1;16.1;Página/busca varejista;B;Intermediário técnico;Nova observação de mercado adicionada para ampliar o benchmark comercial.;https://www.casamimosa.com.br/kit-completo-para-vedacao-e-fixacao-de-caixa-acoplada-340220-blukit-340220-212/p;;
204;2026-05-19;MECANISMO CAIXA ACOP;Mecanismo caixa acoplada;Kit / mecanismo universal;Ferreira Costa;Varejo;Astra;Mecanismo Universal Completo para Caixa Acoplada com Acionamento Superior - Astra;;n/i;n/i;n/i;;Kit / mecanismo universal;139.0;139.0;139.0;Página/busca varejista;B;Intermediário técnico;Nova observação de mercado adicionada para ampliar o benchmark comercial.;https://www.ferreiracosta.com/produto/387275/mecanismo-universal-completo-para-caixa-acoplada-com-acionamento-superior-astra;;
205;2026-05-19;MECANISMO CAIXA ACOP;Mecanismo caixa acoplada;Kit / mecanismo universal;Ferreira Costa;Varejo;Deca;Kit Completo de Mecanismo Universal 1/2 com Acionamento Duplo para Caixa de Acoplar - Deca;;n/i;n/i;1/2;;Kit / mecanismo universal;285.9;285.9;285.9;Página/busca varejista;B;Intermediário técnico;Nova observação de mercado adicionada para ampliar o benchmark comercial.;https://www.ferreiracosta.com/pesquisa/app-conjuntos-de-bacia-e-caixa-para-acoplar;;
206;2026-05-19;MECANISMO CAIXA ACOP;Mecanismo caixa acoplada;Mecanismo de entrada;Ferreira Costa;Varejo;Censi;Kit Mecanismo para Caixa Acoplada Entrada Pop Flux Saída Convencional - Censi;;n/i;n/i;n/i;;Mecanismo de entrada;123.9;123.9;123.9;Página/busca varejista;B;Intermediário técnico;Nova observação de mercado adicionada para ampliar o benchmark comercial.;https://www.ferreiracosta.com/pesquisa/app-conjuntos-de-bacia-e-caixa-para-acoplar;;
207;2026-05-19;MECANISMO CAIXA ACOP;Mecanismo caixa acoplada;Mecanismo de entrada;Ferreira Costa;Varejo;Censi;Mecanismo de Entrada Universal e Unificado para Caixa Acoplada - Censi;;n/i;n/i;n/i;;Mecanismo de entrada;65.9;65.9;65.9;Página/busca varejista;B;Funcional básico;Nova observação de mercado adicionada para ampliar o benchmark comercial.;https://www.ferreiracosta.com/pesquisa/app-conjuntos-de-bacia-e-caixa-para-acoplar;;
208;2026-05-19;MECANISMO CAIXA ACOP;Mecanismo caixa acoplada;Kit / mecanismo universal;Ferreira Costa;Varejo;Egaplast;Mecanismo para Caixa Acoplada com Kit Superior Branco - Egaplast;;n/i;Branco;n/i;;Kit / mecanismo universal;94.9;94.9;94.9;Página/busca varejista;B;Intermediário técnico;Nova observação de mercado adicionada para ampliar o benchmark comercial.;https://www.ferreiracosta.com/pesquisa/app-conjuntos-de-bacia-e-caixa-para-acoplar;;
209;2026-05-19;VALV ALTER PRESS CX;Válvula alternadora de pressão;Válvula alternadora / transferidora de pressão;Telhanorte;Varejo/Marketplace;Blukit;Válvula Alternadora de Pressão Blukit para Caixa D’água 330601;330601;n/i;n/i;n/i;;Válvula alternadora / transferidora de pressão;134.9;134.9;134.9;Página/lista varejista;A;Intermediário técnico;Nova observação de mercado adicionada para ampliar o benchmark comercial.;https://www.telhanorte.com.br/valvula-alternadora-de-pressao-para-caixa-dagua-330601-blukit-1574191/p;assets/product-images/blukit_valvula_alternadora.png;Imagem pública de referência da Válvula Alternadora de Pressão Blukit.
210;2026-05-19;VALV ALTER PRESS CX;Válvula alternadora de pressão;Válvula alternadora / transferidora de pressão;Mercado Livre;Varejo/Marketplace;Censi;Válvula Alternadora de Pressão para Caixa D’Água Censi 96800;;n/i;n/i;n/i;;Válvula alternadora / transferidora de pressão;166.25;166.25;166.25;Página/lista varejista;A;Funcional básico;Nova observação de mercado adicionada para ampliar o benchmark comercial.;https://lista.mercadolivre.com.br/valvula-transferidora-pressao-censi;;
211;2026-05-19;VALV ALTER PRESS CX;Válvula alternadora de pressão;Válvula alternadora / transferidora de pressão;Amazon;Varejo/Marketplace;Blukit;Válvula Alternadora de Pressão Para Caixa D’Agua Blukit;330601;n/i;n/i;n/i;;Válvula alternadora / transferidora de pressão;97.5;97.5;97.5;Página/lista varejista;A;Intermediário técnico;Nova observação de mercado adicionada para ampliar o benchmark comercial.;https://www.amazon.com.br/v%C3%A1lvula-transferidora-de-press%C3%A3o/s?k=v%C3%A1lvula+transferidora+de+press%C3%A3o;assets/product-images/blukit_valvula_alternadora.png;Imagem pública de referência da Válvula Alternadora de Pressão Blukit.
212;2026-05-19;"TORN P/MAQUI 1/2"" 90";Torneira para máquina 1/2 90°;Torneira para máquina 1/2 / 3/4;Ponto Frio;Varejo/Marketplace;Censi;Torneira Para Máquina De Lavar Censi 7559 De Parede Cromada;;n/i;n/i;n/i;;Torneira para máquina 1/2 / 3/4;45.9;45.9;45.9;Página/lista varejista;B;Funcional básico;Nova observação de mercado adicionada para ampliar o benchmark comercial.;https://www.pontofrio.com.br/torneira-para-maquina-de-lavar-censi-7559-de-parede-cromada/p/1579457523;;
213;2026-05-19;"TORN P/MAQUI 1/2"" 90";Torneira para máquina 1/2 90°;Torneira para máquina 1/2 / 3/4;Magalu;Varejo/Marketplace;Censi;Torneira para Máquina de Lavar Censi 7559 de Parede Cromada;;n/i;n/i;n/i;;Torneira para máquina 1/2 / 3/4;49.9;49.9;49.9;Página/lista varejista;B;Funcional básico;Nova observação de mercado adicionada para ampliar o benchmark comercial.;https://www.magazineluiza.com.br/busca/torneira%2Bcensi%2Bpara%2Bmaquinas/;;
214;2026-05-19;"TORN P/MAQUI 1/2"" 90";Torneira para máquina 1/2 90°;Torneira para máquina 1/2 / 3/4;Ferreira Costa;Varejo/Marketplace;Blukit;Torneira para Máquina de Lavar 1/2 7090 - Blukit;;n/i;n/i;1/2;;Torneira para máquina 1/2 / 3/4;51.9;51.9;51.9;Página/lista varejista;B;Intermediário técnico;Nova observação de mercado adicionada para ampliar o benchmark comercial.;https://www.ferreiracosta.com/produto/66908/torneira-para-maquina-de-lavar-1-2-7090-blukit;assets/product-images/blukit_torneira_maquina.png;Imagem pública de referência de torneira para máquina Blukit.
215;2026-05-19;"TORN P/MAQUI 1/2"" 90";Torneira para máquina 1/2 90°;Torneira para máquina 1/2 / 3/4;Sodimac;Varejo/Marketplace;Censi;Torneira para Máquina de Lavar Roupa e Lava-Louça Esfera 1/4, 1/2 e 3/4 de Metal;;n/i;n/i;1/2;;Torneira para máquina 1/2 / 3/4;64.9;64.9;64.9;Página/lista varejista;B;Funcional básico;Nova observação de mercado adicionada para ampliar o benchmark comercial.;https://www.sodimac.com.br/sodimac-br/product/857639/torneira-para-maquina-de-lavar-roupa-e-lava-lou%C3%A7a-esfera-1-4-1-2-e-3-4-de-metal/857639/;;
216;2026-05-19;"TORN P/MAQUI 1/2"" 90";Torneira para máquina 1/2 90°;Torneira para máquina 1/2 / 3/4;Mercado Livre;Varejo/Marketplace;Blukit;Torneira Para Máquina De Lavar Cromada 1/2 Blukit;;n/i;n/i;1/2;;Torneira para máquina 1/2 / 3/4;46.99;46.99;46.99;Página/lista varejista;B;Intermediário técnico;Nova observação de mercado adicionada para ampliar o benchmark comercial.;https://lista.mercadolivre.com.br/torneira-maquina-de-lavar-blukit;assets/product-images/blukit_torneira_maquina.png;Imagem pública de referência de torneira para máquina Blukit.
217;2026-05-19;"TORN P/MAQUI 1/2"" 90";Torneira para máquina 1/2 90°;Torneira para máquina 1/2 / 3/4;Alles Shop;Varejo/Marketplace;Blukit;Torneira Para Máquina De Lavar e Jardim 1/4 de Volta Branco - Blukit;;n/i;Branco;n/i;;Torneira para máquina 1/2 / 3/4;37.91;37.91;37.91;Página/lista varejista;B;Intermediário técnico;Nova observação de mercado adicionada para ampliar o benchmark comercial.;https://www.alleshop.com.br/casa-e-construcao/lavanderia/torneiras-e-registros/torneira-esfera-de-metal-para-maquina-de-lavar-blukit;assets/product-images/blukit_torneira_maquina.png;Imagem pública de referência de torneira para máquina Blukit.
218;2026-05-19;"NIPLE 1/2"" CROMADO";"Niple 1/2"" cromado";Niple cromado 1/2 / conexão aparente;Telhanorte;Varejo/Marketplace;Blukit;Niple Paralelo 1/2 30mm Cromado 170501 Blukit;;n/i;Cromado;30;m;Niple cromado 1/2 / conexão aparente;41.9;41.9;41.9;Página/lista varejista;B;Acabamento superior;Nova observação de mercado adicionada para ampliar o benchmark comercial.;https://www.telhanorte.com.br/niple-paralelo-12-30mm-cromado-170501-blukit-802565/p;assets/product-images/blukit_niple_paralelo.png;Imagem pública de referência de niple Blukit.
219;2026-05-19;"NIPLE 1/2"" CROMADO";"Niple 1/2"" cromado";Niple cromado 1/2 / conexão aparente;Tokari;Varejo/Marketplace;Furkin;Niple Metal 1/2 x 1/2 Cromado para Conexões Hidráulicas;;n/i;Cromado;1/2;;Niple cromado 1/2 / conexão aparente;16.0;16.0;16.0;Página/lista varejista;B;Acabamento superior;Nova observação de mercado adicionada para ampliar o benchmark comercial.;https://www.tokari.com.br/niple-metal-1-2-x-1-2-cromado-para-conexoes-hidraulicas;;
220;2026-05-19;"NIPLE 1/2"" CROMADO";"Niple 1/2"" cromado";Niple cromado 1/2 / conexão aparente;Loja do Pedrão;Varejo/Marketplace;Wkit;Niple 1/2 Cromado Wkit;;n/i;Cromado;1/2;;Niple cromado 1/2 / conexão aparente;9.72;9.72;9.72;Página/lista varejista;B;Acabamento superior;Nova observação de mercado adicionada para ampliar o benchmark comercial.;https://loja.lojadopedrao.com.br/hidraulica/wkit/220;;
221;2026-05-19;"NIPLE 1/2"" CROMADO";"Niple 1/2"" cromado";Niple cromado 1/2 / conexão aparente;Mercado Livre;Varejo/Marketplace;Metais Reis;Conexão Niple 1/2 Cromado Banheiro Metais Reis Prateado;;n/i;Cromado;1/2;;Niple cromado 1/2 / conexão aparente;32.9;32.9;32.9;Página/lista varejista;B;Acabamento superior;Nova observação de mercado adicionada para ampliar o benchmark comercial.;https://lista.mercadolivre.com.br/niple-metal-cromado-1%2F2;;
222;2026-05-19;GRELHA QUAD.P/CX SIF;Grelha quadrada para caixa sifonada;Grelha / caixa sifonada quadrada;Telhanorte;Varejo;Tigre;Caixa Sifonada Para Grelha Quadrada 100x100x50mm Tigre;;n/i;n/i;50;m;Grelha / caixa sifonada quadrada;59.9;;59.9;Página produto;D;Funcional básico;Nova observação de mercado adicionada para ampliar o benchmark comercial.;https://www.telhanorte.com.br/caixa-sifonada-para-grelha-quadrada-100x100x50mm-tigre-358223/p;;
223;2026-05-19;GRELHA QUAD.P/CX SIF;Grelha quadrada para caixa sifonada;Grelha / caixa sifonada quadrada;Loja Merc;Varejo;Tigre;Caixa Sifonada com Grelha e Porta Grelha Quadrada DN 150x150x50mm Branco - Tigre;;n/i;Branco;50;m;Grelha / caixa sifonada quadrada;56.9;55.19;55.19;Página produto;D;Funcional básico;Nova observação de mercado adicionada para ampliar o benchmark comercial.;https://www.lojamerc.com.br/caixa-sifonada-com-grelha-e-porta-grelha-quadrada-dn-150x150x50mm-7-entradas-branco---tigre---27068502/p;;
224;2026-05-19;GRELHA QUAD.P/CX SIF;Grelha quadrada para caixa sifonada;Grelha / caixa sifonada quadrada;Casa Mimosa;Varejo;Novii;Grelha Quadrada para Caixa Sifonada 100mm Polida 4021 Novii Ralo Linear;;n/i;n/i;100;m;Grelha / caixa sifonada quadrada;124.18;120.45;120.45;Página produto;D;Funcional básico;Nova observação de mercado adicionada para ampliar o benchmark comercial.;https://www.casamimosa.com.br/grelha-quadrada-para-caixa-sifonada-100mm-polida-4021-novii-ralo-linear-4021/p;;
225;2026-05-19;GRELHA QUAD.P/CX SIF;Grelha quadrada para caixa sifonada;Grelha / caixa sifonada quadrada;Hiper Tintas;Varejo;Tigre;Caixa Sifonada Porta Grelha Quadrada Branco 150x185x75 Tigre;;n/i;Branco;n/i;;Grelha / caixa sifonada quadrada;69.9;;69.9;Página produto;D;Funcional básico;Nova observação de mercado adicionada para ampliar o benchmark comercial.;https://www.hipertintas.com.br/caixa-sifonada-porta-grelha-quadrada-branco-150x185x75-tigre/p;;
226;2026-05-19;SIFÃO P/LAVATÓRIO-PI;Sifão p/ lavatório-pia;Sifão para lavatório / pia;Copalux;Varejo;Blukit;Sifão Copo Extensivo Universal Cromado para Lavatório 031702 Blukit;031702;Plástico / elastômeros;Cromado;n/i;;Sifão para lavatório / pia;60.41;60.41;60.41;Página produto;B;Acabamento superior;Nova observação de mercado adicionada para ampliar o benchmark comercial.;https://www.copalux.com.br/sifao-copo-extensivo-universal-cromado-para-lavatorio-031702-blukit;assets/product-images/blukit_sifao_copo_cromado.png;Imagem pública de referência do sifão com copo cromado Blukit.
